extraversion,agreeableness,conscientiousness,neuroticism,openness,implusiveness,rational,experiential,normative.influence,informational.influence,need_for_closure,utilitarian,hedonic,individual,collective
3,3,3,3,3,1.583661193,-0.930388172,-0.481288477,4,4,0.676279348,0.488263355,-0.200755929,-0.4469051,-0.9519016
4,3.333333333,2,3,3.5,0.958443285,0.093516134,0.450623966,4,4,-0.363982392,-0.412801046,-1.331294503,-0.4469051,-0.9519016
3.5,4.666666667,3,2.5,3,-0.039936198,0.093516134,0.450623966,4,4,0.021654601,0.470144845,0.14730452,-0.5482701,-0.0604908
2.5,3.666666667,3,3.5,2.5,1.33160486,-0.930388172,-0.481288477,3,4,0.399136256,0.011999756,-0.260256571,-0.4713204,-0.5282546
1,4.333333333,5,1.5,4.5,-1.038315681,0.631815637,-0.921987191,1,4,0.044763626,-0.171406557,-0.613577507,-1.6255076,-0.6803811
2.5,4,5,3,4.5,-0.445102129,1.11742044,0.450623966,3,4,0.422245281,0.23197194,0.037486339,0.46018438,0.41966008
2.5,4,4.5,3,5,-1.038315681,0.579120937,-0.481288477,2,4,0.504493149,0.524664799,-0.576605389,-0.3498289,-0.0012319
4.5,4,3.5,5,4,0.956976451,0.579120937,-0.006913086,1,4,0.807882274,0.171111744,-1.092001654,0.16252261,0.33077168
5,5,5,1,5,-1.038315681,1.11742044,-2.345113364,1,3,2.465722496,0.250172662,-0.150438391,-0.671906,0.33352671
2.5,3.666666667,2.5,2,3,0.148111423,-0.930388172,0.450623966,1,1,-1.258703966,-0.146783381,1.212031383,-1.7231687,1.01420683
4,3.666666667,4.5,2,5,-0.445102129,0.579120937,1.38253641,4,4,-0.0868393,-0.077284288,-0.307702072,-0.9858163,0.0607821
3.5,3,3,1.5,4.5,0.553277354,1.11742044,-1.41320092,1,4,2.502768762,-0.809757088,0.031175271,0.34083732,-1.0284029
2,3.333333333,2.5,1.5,3.5,0.958443285,0.093516134,-0.481288477,2,3,0.807882274,0.012081969,-0.100120853,0.43206526,0.04012987
3,3.333333333,2.5,3.5,2.5,1.363609215,-0.930388172,0.450623966,3,5,-0.218442226,-0.333657916,-0.229595522,1.16727326,0.00774537
2,3.333333333,4,3,4,0.958443285,-0.877693472,-1.41320092,2,2,-0.363982392,-1.350266891,-2.085983617,0.23576849,-0.9401693
1,2.333333333,4.5,5,4,-0.851734893,-1.954292478,-2.345113364,4,5,-1.404244132,-0.464181629,-0.159621496,0.41564262,-0.5751264
3.5,3,3,4,3.5,1.988827123,0.579120937,0.924999357,5,5,0.14510219,0.470062632,-0.012831198,-0.3519733,0.91980836
4.5,4.666666667,5,3,3.5,-0.225050152,1.11742044,1.38253641,4,4,-0.363982392,1.389327755,0.929782646,-0.4469051,-0.9519016
1.5,4.666666667,5,4.5,4,-1.038315681,0.093516134,-0.93882553,3,4,-0.509522558,0.012081969,-0.100120853,-2.0431014,0.42792519
3,4,4,2,4,-0.665154106,1.11742044,0.908161019,5,5,-0.618016459,1.310102412,-0.332052053,1.21980768,-0.0363714
1,4,4.5,1.5,4,-0.851734893,0.579120937,-1.41320092,2,2,-0.0868393,0.030282691,-0.288045584,-0.4490495,-0.0308613
4.5,4.333333333,4.5,2,4,-0.445102129,0.631815637,0.450623966,4,4,1.499553287,0.488263355,-0.200755929,0.1869379,-0.0928753
2.5,4.333333333,5,1.5,4.5,-1.038315681,0.631815637,0.450623966,3,4,-0.255488491,0.58568942,0.87315404,0.3631082,-0.5310096
2.5,4.333333333,4.5,1.5,5,-0.851734893,-0.444783369,0.450623966,2,2,0.747726983,-0.650809526,-1.120841248,-0.3498289,-0.0012319
3.5,2.666666667,3,2,4.5,0.366696566,0.093516134,-1.870737973,4,1,1.863097702,0.895360311,-2.617479184,-1.7188799,-0.8278736
4.5,4.666666667,5,1.5,2.5,-0.445102129,1.11742044,-0.955663868,2,2,-0.363982392,-0.589784905,0.328918182,-0.3498289,-0.0012319
2.5,4.333333333,4,1.5,3.5,-0.631682916,0.579120937,1.38253641,5,5,-1.258703966,1.389327755,0.929782646,1.21766327,0.88466882
2,2.333333333,4,4.5,4,-0.039936198,-0.392088669,-0.006913086,2,4,-0.255488491,-0.128664871,0.863970935,0.48459968,-0.0039869
2.5,4.333333333,4,4.5,3.5,0.365229733,-0.444783369,1.38253641,4,5,-0.595923881,0.956467144,-1.007584036,1.19539238,0.38727558
5,3.666666667,5,2,5,-0.039936198,1.11742044,-1.41320092,3,4,-0.764573073,-0.47424033,1.054767703,1.22195209,-0.9574116
3,2.666666667,2.5,2,2.5,-0.445102129,-0.392088669,-0.006913086,3,4,0.530739182,-0.110546362,0.515910487,-1.0828925,-0.8898876
3.5,4.333333333,5,1.5,4,-0.631682916,0.093516134,-0.481288477,4,4,-0.618016459,-0.333575703,-0.069459804,0.28615849,-0.0632458
2,3.333333333,3,2,3.5,-0.039936198,0.631815637,0.450623966,1,1,-0.641125484,-0.085344096,-1.174030822,-1.062766,0.52854587
2,4,4,3,3,-0.039936198,0.093516134,1.38253641,4,2,-0.14699459,0.329398005,1.111396308,-1.1842575,0.00152316
4,4.333333333,4,2,4.5,-1.038315681,-0.392088669,-0.006913086,2,2,0.639233083,-0.456039608,0.866842972,-0.4490495,-0.0308613
1.5,2.666666667,4,2.5,3,-0.039936198,0.093516134,-0.481288477,2,3,0.699388373,-0.809839301,-0.128960447,0.38537908,-0.0336164
4,4,4.5,2,4,-0.631682916,0.093516134,-1.41320092,4,4,0.261751427,0.268373384,-0.338363121,0.38537908,-0.0336164
5,5,5,1,5,-0.038469364,1.11742044,1.38253641,1,4,2.465722496,-0.571584183,0.140993452,-1.1864019,0.92256339
4,4,4,2,4,-0.445102129,0.093516134,0.450623966,4,3,0.422245281,0.250172662,-0.150438391,0.28615849,-0.0632458
5,5,5,1,5,-1.038315681,0.093516134,-0.481288477,3,2,-0.641125484,-0.006036541,0.247939595,-0.5504145,0.86054942
4,4.666666667,4,1,4.5,-1.038315681,1.11742044,-0.023751424,2,3,0.422245281,-0.189607279,-0.425652777,0.41564262,-0.5751264
2,3.333333333,4.5,3.5,4.5,0.146644589,0.579120937,-0.955663868,2,4,-0.232379466,-0.226090937,-0.209939034,0.38537908,-0.0336164
4.5,5,5,1,4,-1.038315681,0.579120937,0.450623966,1,4,-0.14699459,0.286656319,-0.366152134,0.50687056,0.49340633
1,3.666666667,3.5,5,2.5,-0.851734893,-1.415992975,-1.41320092,1,2,-1.295750231,0.693256399,0.892810528,-0.2283374,0.52579084
2.5,3,4,4.5,3.5,0.365229733,-1.468687675,-0.464450139,3,2,1.19930117,-1.004609219,-2.116644666,-0.418786,-0.5723714
1.5,4,4,4.5,2,-0.258521341,-0.877693472,0.450623966,2,2,-0.255488491,0.012081969,-0.100120853,-0.3498289,-0.0012319
1,3.333333333,5,4,4,-0.631682916,1.11742044,-1.870737973,2,4,-0.569677848,-0.384956286,1.102213203,-0.9635454,0.55817534
5,5,5,1,5,-1.038315681,1.11742044,-0.464450139,1,1,1.27992059,0.729657844,0.516961068,0.92000149,0.79578042
1.5,3.333333333,3,3,4.5,0.365229733,0.093516134,0.924999357,1,4,-0.532631583,-0.244209446,0.138121414,-0.4246342,-0.4545083
4,3.666666667,2.5,1.5,3,1.365076049,0.631815637,-1.870737973,1,1,0.544676423,-1.2861029,-0.188461089,1.16727326,0.00774537
2.5,2.666666667,4,4,4,-0.226516986,0.093516134,0.450623966,2,2,-0.749619384,1.151237062,0.980100183,1.14285797,0.43139236
1,2.333333333,4,5,4.5,0.741324975,0.093516134,-1.41320092,2,2,-0.363982392,-0.128664871,0.863970935,1.12487591,-1.9080813
4,3.333333333,2.5,2,3,0.959910119,-1.954292478,-0.006913086,2,3,0.544676423,-0.889064644,-1.390795146,-1.1354269,-0.8457708
4,4,4,2,3.5,-1.038315681,0.093516134,-0.955663868,3,4,1.316966855,-0.553465673,-0.207066997,0.26388761,-0.5606391
2,4,4,2,3,-1.038315681,-0.877693472,-0.498126815,1,1,-1.404244132,0.012081969,-0.100120853,0.55570115,-0.3538876
1,4,5,4.5,4,-0.631682916,-0.877693472,-2.345113364,5,4,-1.07876243,-1.393669879,-0.208117577,1.21980768,-0.0363714
2,3.666666667,4,4,5,-0.445102129,1.11742044,0.924999357,2,4,1.499553287,0.012081969,-0.100120853,-1.0850369,0.03115263
2,5,3,2,4,0.146644589,0.093516134,0.450623966,2,3,0.021654601,-1.047929994,-0.078642909,-0.2506083,0.0283976
2,4,3,4,4,0.366696566,-1.954292478,0.450623966,2,4,-0.509522558,-1.631760571,-0.15780004,0.36096379,0.39003062
4.5,4.333333333,4.5,2,4.5,-1.038315681,0.093516134,-1.41320092,4,4,-1.150210065,0.693256399,0.892810528,0.20920878,0.40451793
5,4.333333333,5,1,5,-1.038315681,1.11742044,-0.481288477,4,5,1.994700628,1.389327755,0.929782646,1.19539238,0.38727558
5,5,4.5,1,5,-0.851734893,1.11742044,0.908161019,5,4,2.756802828,-0.827957811,0.219100002,-0.4957357,-0.1046076
2.5,4,4,3,3,-0.291992531,-0.983082871,0.450623966,3,4,-0.363982392,0.488263355,-0.200755929,-1.0850369,0.03115263
5,3,4,2.5,3,0.991914474,0.093516134,0.450623966,4,4,0.14510219,0.488263355,-0.200755929,0.38537908,-0.0336164
1.5,3.666666667,4.5,2.5,4.5,-0.851734893,-1.415992975,0.908161019,3,4,-0.363982392,-0.571666396,-0.019142266,-0.3720998,-0.4986251
1,2.333333333,5,2,1,-1.038315681,-2.439897281,-2.345113364,4,4,-1.404244132,1.389327755,0.929782646,1.31532444,-0.8099191
3,2.333333333,3.5,3.5,4.5,0.553277354,0.093516134,-0.006913086,2,4,-0.363982392,-0.571666396,-0.019142266,-0.4490495,-0.0308613
3.5,4.666666667,4.5,1.5,5,-0.445102129,0.093516134,0.450623966,1,1,1.316966855,0.012081969,-0.100120853,-1.0850369,0.03115263
3,3.333333333,4,3,3.5,0.366696566,0.579120937,-0.481288477,3,4,1.717557536,-1.277960878,0.838003379,0.28401408,0.85779439
2,4,5,2.5,3,-0.038469364,-0.392088669,-0.481288477,3,4,0.422245281,-0.333575703,-0.069459804,-0.3498289,-0.0012319
5,5,5,1,3.5,-0.225050152,0.093516134,0.450623966,1,3,0.931329863,-0.384956286,1.102213203,0.38323467,0.88742386
4.5,4.333333333,5,1.5,3.5,0.148111423,0.093516134,0.450623966,2,3,0.290642356,0.614031056,-0.369024171,0.48459968,-0.0039869
2.5,4.333333333,4,2,3.5,-0.038469364,-0.930388172,0.450623966,4,4,-0.472476292,0.470062632,-0.012831198,0.36096379,0.39003062
4,4.333333333,5,1,4.5,-0.851734893,1.11742044,-1.41320092,2,4,1.208472955,0.250172662,-0.150438391,0.48459968,-0.0039869
3,3.666666667,3,3,3,-1.038315681,0.146210834,1.38253641,5,5,-0.509522558,1.389327755,0.929782646,1.21766327,0.88466882
3.5,4.333333333,3.5,2,4,0.959910119,0.093516134,-0.006913086,4,2,1.354013121,-0.47424033,1.054767703,0.40764997,0.46377687
4.5,4,5,2,4.5,-0.039936198,-0.392088669,0.908161019,2,4,-0.641125484,0.347516514,0.76333586,-0.327558,0.49616137
4.5,4.666666667,5,1.5,5,1.585128026,-0.392088669,-1.396362582,1,2,0.676279348,0.012164182,0.060014864,-1.8669311,-0.0102091
1,4,4,3,4,-0.446568963,1.11742044,-2.345113364,1,4,1.825034989,-1.357186221,-0.42383132,-1.0850369,0.03115263
3.5,4,4.5,1,4,0.365229733,0.631815637,0.467462305,3,3,1.354013121,0.030282691,-0.288045584,-0.4469051,-0.9519016
1.5,2,2,2,3,0.146644589,-0.444783369,-0.023751424,3,4,-0.363982392,-0.925383876,-0.854809967,-0.4713204,-0.5282546
2.5,3.333333333,3.5,4,3,0.180115779,1.11742044,-0.481288477,5,4,0.954438888,1.205757017,0.256190275,-1.0102316,0.48442909
3,4.666666667,5,1,5,-1.038315681,1.11742044,-2.345113364,1,3,2.32018233,-1.977253818,0.193132446,-0.3519733,0.91980836
2,3.333333333,4,3,2.5,-0.039936198,-0.444783369,-1.41320092,2,2,-0.363982392,0.048483414,-0.475970314,0.40979438,-0.4572634
2.5,3.666666667,5,4,4.5,0.148111423,0.093516134,0.450623966,3,3,0.14510219,0.250172662,-0.150438391,-0.3476845,-0.9222721
2,4,4,2,4,0.180115779,0.093516134,0.450623966,2,2,1.18536393,-0.333575703,-0.069459804,-0.327558,0.49616137
2.5,4.666666667,5,1,5,-1.038315681,0.579120937,-0.481288477,2,2,-0.255488491,0.012081969,-0.100120853,-0.327558,0.49616137
2,4,3,4,4,1.177028428,0.579120937,0.450623966,5,5,-0.641125484,-0.192828863,-1.033551592,1.12058708,-0.0660009
3.5,4.333333333,4.5,1.5,5,1.990293957,1.11742044,-0.464450139,5,4,-0.14699459,0.250254875,0.009697327,0.46018438,0.41966008
2,2.666666667,4,2.5,3,0.145177756,-0.930388172,-1.41320092,3,3,0.699388373,-0.932385419,0.647206612,1.02565532,-1.9377108
2.5,3.333333333,3.5,3,3,1.363609215,0.093516134,0.908161019,4,3,0.058700866,-0.067225587,-1.52209127,-0.4224898,-1.3755486
2,2.666666667,2.5,4,4,2.143403555,-0.444783369,-1.41320092,1,4,-0.363982392,-0.561607695,-1.233531465,-0.3254136,-0.4248789
5,4.333333333,5,1,5,-0.225050152,1.11742044,1.38253641,3,2,0.602186817,0.250172662,-0.150438391,1.19539238,0.38727558
2.5,4,4.5,2,3.5,-0.446568963,0.093516134,-0.481288477,2,4,0.530739182,-0.650809526,-1.120841248,-0.2039221,0.10214385
2.5,4.333333333,2.5,2.5,3,-0.445102129,-0.930388172,-0.481288477,2,4,0.021654601,0.250172662,-0.150438391,-0.3476845,-0.9222721
2.5,4,4.5,2,5,0.366696566,0.631815637,-0.481288477,2,4,1.484599599,-0.226008724,-0.049803316,-0.4734648,0.39278565
3,2.333333333,3,4,4,0.958443285,0.093516134,-1.41320092,3,3,0.676279348,-0.412801046,-1.331294503,-0.4469051,-0.9519016
2.5,3.666666667,4,3.5,3,0.178648945,-0.444783369,0.908161019,4,4,-0.632970147,1.072093932,-0.121598798,0.40764997,0.46377687
1,3,4.5,2,2,-0.039936198,0.093516134,-0.955663868,2,4,-0.641125484,-0.333575703,-0.069459804,0.50901497,-0.4276339
1,4.666666667,1.5,3,5,0.178648945,-1.521382374,0.450623966,2,5,-1.258703966,-0.384956286,1.102213203,-2.0208305,0.92531843
2,2.666666667,4.5,4,4,-0.445102129,0.093516134,0.450623966,4,4,-0.363982392,0.250172662,-0.150438391,0.38537908,-0.0336164
2.5,4.666666667,5,1,3.5,-1.038315681,0.093516134,-0.481288477,3,3,-0.618016459,0.347598727,0.923471578,1.14285797,0.43139236
1.5,4,2.5,4,4,-0.041403032,-0.983082871,-0.006913086,1,4,-0.14699459,0.357657428,-0.290917621,-1.1842575,0.00152316
2,4.666666667,4,1,1.5,0.553277354,-0.877693472,1.38253641,1,3,-1.041716164,-1.093893263,-2.164090167,-1.8223893,0.98457736
1.5,4.333333333,5,2.5,4,-0.631682916,0.093516134,-0.93882553,2,4,0.276705115,-0.571666396,-0.019142266,0.48459968,-0.0039869
3.5,5,5,2,3.5,-0.445102129,1.11742044,0.450623966,2,2,1.062932789,0.012081969,-0.100120853,0.36096379,0.39003062
4,3.666666667,3,3,4,2.55003632,-0.392088669,0.450623966,2,2,0.436182522,-0.589867118,0.168782464,-0.3498289,-0.0012319
5,4.666666667,5,3,5,-0.851734893,1.11742044,0.450623966,2,4,-1.295750231,0.436964984,1.131052796,0.18479349,0.82816492
4,4,3,2.5,4.5,0.148111423,-0.444783369,-1.41320092,4,4,1.716541088,0.268455597,-0.178227404,0.3631082,-0.5310096
1,2.666666667,5,1.5,1.5,-1.038315681,-0.877693472,0.908161019,1,4,-0.981560874,-0.669010248,-0.932916517,1.24207856,0.46102183
1.5,4,4,3.5,5,-0.445102129,0.093516134,-1.41320092,3,2,-0.255488491,0.268373384,-0.338363121,-1.0850369,0.03115263
3.5,3.333333333,4,2,4,1.583661193,0.093516134,0.450623966,4,4,-0.363982392,0.488263355,-0.200755929,0.38537908,-0.0336164
2.5,4.666666667,5,2,3,-0.851734893,-2.439897281,-1.41320092,2,5,-1.18725633,-0.333575703,-0.069459804,0.30842937,0.4341474
2,3.666666667,4,4.5,4,0.365229733,-0.444783369,-0.006913086,4,4,-0.123885565,1.291983903,0.016008395,-0.327558,0.49616137
4,4,4,2.5,4,0.366696566,0.093516134,-0.93882553,2,4,0.298797693,0.488263355,-0.200755929,-1.305749,-0.5254995
2.5,3.333333333,4,2,3.5,-0.039936198,-0.930388172,-1.41320092,1,2,1.061916341,-0.287033344,-1.499562745,-0.4469051,-0.9519016
4,4.333333333,5,1.5,3,-0.038469364,0.093516134,-0.023751424,4,4,1.994700628,1.310184625,-0.171916335,0.36096379,0.39003062
4,4.333333333,3,1.5,5,-1.038315681,0.631815637,0.908161019,1,1,0.276705115,1.151237062,0.980100183,1.21980768,-0.0363714
1.5,1.666666667,4.5,3,4,-1.038315681,0.579120937,-1.41320092,2,3,1.571000922,-0.226090937,-0.209939034,0.36525261,-1.4520498
2,4,3,3,2,-0.039936198,0.093516134,-0.464450139,2,4,0.916376175,0.012081969,-0.100120853,-0.3498289,-0.0012319
2,3.333333333,2,5,5,1.551656837,1.11742044,0.450623966,4,5,-1.150210065,0.675055677,1.080735259,1.24207856,0.46102183
3.5,5,5,2.5,5,-1.038315681,1.11742044,1.38253641,4,4,0.699388373,0.250172662,-0.150438391,-1.2834781,-0.0281063
2,3.333333333,4.5,4,2.5,-0.039936198,-0.930388172,-0.481288477,3,4,-1.404244132,0.488263355,-0.200755929,0.46232879,-0.5013801
5,4,4,1.5,3,-0.851734893,-0.33939397,0.450623966,5,5,-1.404244132,1.389327755,0.929782646,1.19539238,0.38727558
3,4,4,2,4,-0.038469364,0.631815637,1.38253641,5,5,0.931329863,-0.492441053,1.242692433,1.11844267,0.85503936
2,3.333333333,3.5,3,4,1.365076049,0.579120937,1.38253641,2,5,0.654186771,0.72643626,-0.090937748,0.38537908,-0.0336164
2.5,2,3,5,3,-0.291992531,-2.978196784,-2.345113364,4,2,-1.258703966,-0.09548501,-0.119777341,0.38537908,-0.0336164
3,5,5,1,5,-1.038315681,1.11742044,0.467462305,5,5,-0.632970147,1.389327755,0.929782646,1.21766327,0.88466882
2,4,2,2,4,0.771862497,-0.392088669,-0.93882553,1,1,0.676279348,0.012081969,-0.100120853,-1.0606216,-0.3924944
2.5,4,4,2.5,3,-0.446568963,0.093516134,-1.41320092,3,4,-0.363982392,-0.553465673,-0.207066997,-1.2065284,-0.4958701
2.5,2.666666667,4,2.5,3.5,-1.038315681,0.093516134,-0.006913086,2,3,0.530739182,-0.571666396,-0.019142266,-0.3254136,-0.4248789
3.5,3.666666667,3,3.5,3,0.958443285,0.631815637,1.38253641,4,5,-1.150210065,0.567488698,1.061078771,1.09617179,0.35764611
1.5,3.333333333,3.5,2.5,3.5,-0.225050152,0.579120937,-0.006913086,1,4,0.931329863,-0.226090937,-0.209939034,0.28401408,0.85779439
1.5,3.333333333,5,4,5,-1.038315681,0.093516134,1.38253641,1,2,-1.404244132,-1.155496973,-0.098299397,-0.4490495,-0.0308613
1.5,4.333333333,4.5,2,2.5,-0.445102129,-1.468687675,-0.955663868,2,2,0.362089991,-0.809757088,0.031175271,0.40764997,0.46377687
4,3,4,2,3.5,-0.039936198,0.093516134,-1.41320092,2,4,0.676279348,-0.412801046,-1.331294503,0.38537908,-0.0336164
2.5,4.666666667,5,2,4,-0.038469364,0.093516134,-0.006913086,4,4,1.18536393,0.58568942,0.87315404,0.38537908,-0.0336164
1.5,4.333333333,4.5,3.5,4.5,-0.445102129,0.579120937,-0.481288477,1,3,0.167194767,0.268455597,-0.178227404,-0.327558,0.49616137
3,2.333333333,2,2.5,4,-0.851734893,-2.978196784,0.924999357,1,4,-0.450383715,0.470144845,0.14730452,-1.7411508,-1.3252669
2,4,4,2,4,-0.631682916,0.093516134,0.450623966,1,1,1.316966855,-1.357186221,-0.42383132,0.38537908,-0.0336164
1,1.666666667,5,2,3.5,-0.631682916,-1.363298276,-0.93882553,1,2,-0.873066973,-0.922326718,-0.567182587,0.43420967,-0.8809104
3.5,4,2,4,5,2.582040675,1.11742044,1.38253641,1,1,1.076870029,0.509767873,0.379353875,-0.9879607,0.98182233
3,5,5,1,5,-1.038315681,1.11742044,1.38253641,2,3,-0.78666565,0.250172662,-0.150438391,0.3875235,-0.9546566
3,5,5,1,3,-1.038315681,1.11742044,1.38253641,1,3,1.740666561,-0.25435036,1.192374895,1.21766327,0.88466882
3,2.666666667,3,2.5,2.5,0.771862497,-0.392088669,-0.023751424,2,4,-0.109948325,0.304774829,-0.714212582,-0.4224898,-1.3755486
1.5,4.333333333,3.5,1.5,4.5,2.176874745,0.579120937,-2.345113364,1,5,1.708385752,-0.730613958,1.132874253,1.12058708,-0.0660009
4,4.333333333,4.5,2,4.5,0.773329331,0.093516134,0.450623966,4,3,0.931329863,-0.431001768,-1.143369773,0.26388761,-0.5606391
2,4,4,3.5,4,-0.039936198,0.093516134,-0.955663868,2,2,-0.255488491,-1.15541476,0.061836321,0.38537908,-0.0336164
3,3.666666667,3,4,4,1.551656837,1.11742044,-0.93882553,3,4,0.807882274,0.409120224,-1.30245491,0.38537908,-0.0336164
3.5,3,4,2.5,3.5,-0.851734893,-0.392088669,-0.006913086,5,4,-1.295750231,-0.236149638,1.004450165,1.11844267,0.85503936
2.5,3,4.5,4,3.5,-0.445102129,0.093516134,-1.41320092,3,3,0.654186771,-1.057409605,-2.37980391,0.28615849,-0.0632458
4,4,4.5,2,4,0.366696566,0.093516134,-0.006913086,2,3,0.54569287,-1.15541476,0.061836321,0.38537908,-0.0336164
4,3,3.5,1.5,2.5,0.771862497,0.093516134,0.450623966,1,1,0.14510219,-0.464263842,-0.319757214,-0.3519733,0.91980836
4,4.666666667,5,1.5,4,-1.038315681,0.579120937,-1.870737973,2,3,1.533954657,0.23197194,0.037486339,-1.062766,0.52854587
1,4.333333333,3.5,3,4.5,-0.851734893,-0.444783369,0.450623966,1,1,-0.873066973,-0.702354535,-0.269439676,-0.3498289,-0.0012319
1,4.666666667,4.5,2,3,-0.446568963,0.579120937,-0.498126815,4,2,-1.018607139,-0.113685732,0.068147389,0.38323467,0.88742386
2,3.666666667,5,5,2,-0.851734893,0.093516134,-0.955663868,2,3,-0.741464048,-0.571666396,-0.019142266,-0.4246342,-0.4545083
2,3.333333333,4,2,3,-0.039936198,0.093516134,-0.006913086,3,4,-0.255488491,-0.571666396,-0.019142266,0.38537908,-0.0336164
4.5,4,3.5,2.5,3,0.146644589,0.093516134,-0.481288477,2,2,-0.218442226,0.567488698,1.061078771,0.34083732,-1.0284029
3.5,4.666666667,3.5,3,4.5,0.553277354,0.579120937,-0.006913086,2,3,1.330904096,-0.333575703,-0.069459804,-0.5238548,-0.4841378
3,2.333333333,5,3.5,5,0.958443285,0.579120937,-1.41320092,3,5,0.821819514,-0.650809526,-1.120841248,0.48674409,-0.9250271
4.5,4.666666667,4.5,4.5,1,1.738237624,-2.439897281,1.38253641,1,1,-0.89515955,-2.691772534,-0.136322095,0.44005791,-0.9987734
3,3.666666667,4.5,3,3,2.55003632,0.579120937,0.450623966,5,5,-0.873066973,0.567406485,0.900943053,0.40764997,0.46377687
3.5,3,3,3.5,3.5,0.553277354,-0.392088669,0.450623966,4,4,0.290642356,-0.0338813,-2.185568111,-1.204384,-1.4169103
2.5,4,4.5,2,4,-0.851734893,-0.392088669,-0.481288477,3,3,-0.363982392,0.012081969,-0.100120853,-0.3498289,-0.0012319
3,2.666666667,4,2.5,2,1.365076049,-1.415992975,-0.023751424,3,2,0.035591841,-0.297174258,-0.445309265,0.16466702,-0.5902686
2,4.333333333,3,2.5,2.5,-0.631682916,0.093516134,-0.93882553,1,3,-0.255488491,0.048483414,-0.475970314,-1.062766,0.52854587
1,5,5,5,3,-1.038315681,-0.444783369,0.908161019,1,1,-1.404244132,-0.351694212,0.278600644,1.24207856,0.46102183
2.5,4,4,2.5,3,-0.445102129,0.093516134,-0.481288477,4,4,0.422245281,0.011999756,-0.260256571,-0.4490495,-0.0308613
2,2.333333333,5,4.5,1.5,-0.445102129,-1.901597778,-1.41320092,1,2,-1.404244132,-0.351694212,0.278600644,1.19539238,0.38727558
2,3.666666667,4,2,4,-0.851734893,0.093516134,0.450623966,2,4,1.499553287,0.524664799,-0.576605389,-1.2834781,-0.0281063
2.5,5,3.5,2,3,-0.258521341,0.093516134,0.450623966,2,3,1.499553287,-0.006118753,0.087803877,-0.327558,0.49616137
1.5,4,2.5,2,1,0.58528171,-0.444783369,-0.481288477,1,3,0.504493149,0.37271878,-0.926605449,-0.327558,0.49616137
2,4,5,2.5,4.5,-0.851734893,1.11742044,0.924999357,4,3,-0.569677848,0.012081969,-0.100120853,0.20920878,0.40451793
4.5,4.666666667,3.5,1.5,5,0.771862497,1.11742044,1.38253641,1,3,2.539815027,-0.589867118,0.168782464,-1.9216099,0.9549479
2,4.333333333,4,4,4,-0.851734893,0.093516134,-1.41320092,1,3,-0.14699459,0.012081969,-0.100120853,-1.0383507,0.10489888
3,4.333333333,2.5,2.5,4.5,1.365076049,0.093516134,-0.006913086,3,3,-0.195333201,-0.430919555,-0.983234055,1.04363738,0.4017629
2,4,3,3,5,-0.038469364,0.579120937,0.450623966,1,5,-0.195333201,0.012164182,0.060014864,-0.4267786,0.4665319
1.5,2.666666667,3,5,4.5,0.958443285,-0.930388172,1.38253641,3,3,-1.12710104,0.142687896,-0.009959161,0.2617432,0.36040115
4,4,4,2,4,0.146644589,0.093516134,-0.006913086,2,3,0.190303792,-2.399079675,-0.750413824,-0.4713204,-0.5282546
3.5,2.333333333,2,2,3.5,0.959910119,-0.877693472,-1.41320092,2,3,0.713325614,-0.528345621,-2.057144024,-0.3720998,-0.4986251
1,4,3.5,1.5,4,-0.446568963,-0.877693472,-0.481288477,2,2,0.035591841,-0.085261883,-1.013895104,-0.3498289,-0.0012319
2,4,2,4,4,-0.071940554,-0.983082871,0.450623966,3,4,-0.363982392,1.072011719,-0.281734516,-1.0850369,0.03115263
3,4.333333333,4,2,3,0.146644589,1.11742044,1.38253641,5,5,-1.404244132,0.488263355,-0.200755929,1.21766327,0.88466882
3,3.666666667,4,3.5,4.5,0.366696566,0.093516134,-0.481288477,3,3,-0.255488491,-1.047929994,-0.078642909,-0.3498289,-0.0012319
2.5,4,4.5,1.5,4,-0.631682916,0.093516134,-0.006913086,1,1,-0.14699459,-0.950503929,0.99526706,-0.2283374,0.52579084
3.5,4.333333333,3.5,3,5,0.146644589,0.579120937,0.450623966,3,4,0.167194767,-0.571666396,-0.019142266,-0.327558,0.49616137
3.5,3.333333333,5,2.5,4,-0.038469364,0.579120937,0.450623966,1,2,0.422245281,-1.411706175,0.300078589,-0.5726854,0.36315618
5,4,3,1,5,-0.226516986,0.093516134,0.450623966,4,4,0.130148501,-0.384956286,1.102213203,-0.2039221,0.10214385
3.5,3.333333333,4,2,2.5,-0.445102129,0.093516134,-0.006913086,3,4,-0.363982392,0.470144845,0.14730452,-0.9391302,0.13452835
2.5,4,4.5,2.5,3,-0.226516986,0.093516134,-0.481288477,3,4,-0.363982392,0.488263355,-0.200755929,0.28615849,-0.0632458
3.5,4.666666667,3.5,2.5,5,0.773329331,-0.392088669,0.450623966,2,4,-0.326936126,0.949547814,0.65456826,-1.1864019,0.92256339
3,3,3,3,3,0.958443285,-0.930388172,-0.481288477,3,3,0.676279348,-0.412801046,-1.331294503,-0.4469051,-0.9519016
4,4,3,2,4.5,1.145024072,-1.954292478,0.450623966,3,4,1.499553287,-0.571666396,-0.019142266,-0.3943707,-0.9960184
3.5,4.333333333,4.5,2,3,-0.039936198,0.093516134,0.450623966,2,4,0.407291593,0.488263355,-0.200755929,0.38537908,-0.0336164
4.5,4.666666667,5,1,3,-0.445102129,0.579120937,0.450623966,3,4,0.567785448,0.488263355,-0.200755929,1.1731215,-0.1101177
3.5,5,4.5,1.5,4.5,-1.038315681,1.11742044,0.450623966,4,4,1.354013121,0.329315792,0.95126059,1.14285797,0.43139236
2.5,4,4.5,1,3,-0.291992531,0.093516134,0.908161019,2,4,0.044763626,0.142687896,-0.009959161,0.38537908,-0.0336164
4,3.333333333,3,3,3.5,1.178495262,0.093516134,0.450623966,4,4,-0.363982392,0.506464077,-0.388680659,0.38537908,-0.0336164
4,3.666666667,3.5,1,4,1.956822768,0.631815637,0.924999357,4,4,0.036608289,0.012081969,-0.100120853,0.46018438,0.41966008
2.5,4,4.5,3,4,-0.445102129,0.093516134,-0.481288477,3,4,0.699388373,0.091307312,1.161713846,0.20920878,0.40451793
2.5,3.666666667,5,3,5,-0.851734893,0.093516134,0.450623966,3,4,-0.509522558,0.488263355,-0.200755929,-0.2527527,0.94943783
4,3.333333333,4,2,4,0.146644589,0.093516134,-0.006913086,4,3,0.699388373,0.488263355,-0.200755929,0.3631082,-0.5310096
4.5,4,3,2,4.5,2.143403555,0.093516134,0.450623966,2,2,0.945267103,0.012081969,-0.100120853,-1.2834781,-0.0281063
2.5,3.666666667,4,3,4,0.553277354,0.631815637,0.450623966,3,4,-1.150210065,0.127626544,0.625728667,0.4379135,-0.0777332
5,4.666666667,5,1,5,-1.038315681,1.11742044,-2.345113364,1,2,1.716541088,1.389327755,0.929782646,-1.062766,0.52854587
2.5,4,5,3.5,5,0.146644589,0.631815637,0.924999357,3,3,2.22562567,-0.31537498,-0.257384534,1.19539238,0.38727558
2,3.333333333,4.5,2.5,4.5,-0.445102129,0.093516134,-0.481288477,2,3,1.571000922,-0.430919555,-0.983234055,0.26603202,-1.4816793
2.5,4,4,3,3.5,-0.851734893,-0.930388172,0.450623966,2,3,-0.363982392,0.390919502,-1.11453018,-0.4490495,-0.0308613
5,4.666666667,5,3,3,-1.038315681,0.093516134,0.450623966,1,3,-0.981560874,1.151237062,0.980100183,0.36096379,0.39003062
2,4.666666667,5,2.5,2,-0.041403032,-0.930388172,0.924999357,1,2,1.316966855,0.567488698,1.061078771,-0.9635454,0.55817534
2.5,3.666666667,2,3,2.5,0.991914474,0.631815637,-0.023751424,4,5,-0.618016459,0.142687896,-0.009959161,0.33284467,0.01050041
4.5,4,5,4,4.5,-1.038315681,0.579120937,1.38253641,5,5,-1.295750231,-0.226008724,-0.049803316,-2.1200511,0.89568896
1.5,3,3.5,4,4.5,-0.039936198,-0.877693472,-0.023751424,3,4,0.021654601,-0.431001768,-1.143369773,-0.4469051,-0.9519016
4,4.333333333,5,1,2.5,-0.851734893,0.093516134,-0.481288477,1,4,0.844928539,0.232054152,0.197622057,-0.9879607,0.98182233
2,2.333333333,3.5,3.5,5,0.146644589,0.093516134,-1.41320092,2,4,-0.741464048,-0.226090937,-0.209939034,0.41778703,-1.4961666
1,4,3,2,4.5,-0.631682916,-1.363298276,0.450623966,4,4,-0.641125484,0.567488698,1.061078771,1.11844267,0.85503936
4,3.333333333,3,3,4,0.365229733,-0.877693472,-0.006913086,3,4,0.436182522,-0.379538972,-2.154907062,0.26388761,-0.5606391
2,3.666666667,5,5,5,-0.039936198,1.11742044,-2.345113364,3,5,2.756802828,0.030282691,-0.288045584,-1.0850369,0.03115263
5,5,5,1,5,-0.039936198,-0.930388172,-0.481288477,3,3,0.676279348,-0.077202075,-0.147566354,-0.4469051,-0.9519016
2.5,3.666666667,4.5,2,2.5,1.178495262,0.093516134,0.433785628,3,4,1.971591603,-0.23623185,0.844314447,1.02136649,-0.0956303
1.5,4,5,2.5,2,-0.038469364,0.093516134,-0.023751424,2,2,-0.618016459,0.567488698,1.061078771,-0.3519733,0.91980836
2,4,4.5,5,2.5,-0.665154106,-1.468687675,-0.023751424,2,4,-0.873066973,-1.313865446,-2.461833077,-0.3254136,-0.4248789
1.5,4.333333333,3,5,3.5,-0.258521341,0.093516134,0.908161019,3,2,-0.824728363,-0.092263427,0.488121474,0.2617432,0.36040115
1,4.333333333,2,4.5,3.5,-0.038469364,-1.954292478,-0.464450139,2,2,-0.532631583,-1.2861029,-0.188461089,-0.3498289,-0.0012319
2,4.333333333,3.5,3.5,4,0.739858142,0.093516134,0.450623966,2,2,0.290642356,-0.333575703,-0.069459804,0.28615849,-0.0632458
4.5,3,5,1,5,-0.63314975,1.11742044,1.38253641,3,5,2.031746893,-0.146783381,1.212031383,1.24207856,0.46102183
3.5,4.333333333,4.5,1.5,3.5,-1.038315681,1.11742044,0.924999357,4,4,0.422245281,0.160888618,-0.197883891,0.48459968,-0.0039869
3.5,2.666666667,4,2.5,3,1.365076049,-0.930388172,-0.023751424,3,4,0.14510219,-0.712495449,0.784813804,0.3631082,-0.5310096
4,4,4,1.5,4.5,-1.038315681,0.093516134,0.450623966,4,2,-0.232379466,-0.006118753,0.087803877,-1.204384,-1.4169103
3.5,4.333333333,4.5,1.5,4,1.178495262,0.093516134,0.450623966,4,4,-0.741464048,-0.226008724,-0.049803316,0.38537908,-0.0336164
5,4.666666667,4,2.5,3,0.959910119,-0.392088669,0.450623966,2,2,1.18536393,0.470144845,0.14730452,0.48459968,-0.0039869
1,2.666666667,3,4,4,1.551656837,0.093516134,-0.464450139,1,2,-0.363982392,-0.128664871,0.863970935,0.38537908,-0.0336164
2,4,3.5,3,2,-0.039936198,-0.930388172,-0.481288477,3,4,-0.363982392,0.250172662,-0.150438391,-1.0850369,0.03115263
3,4,4.5,4,2.5,0.553277354,-0.930388172,-1.41320092,1,1,-1.150210065,-2.214929847,-3.592371652,0.28615849,-0.0632458
2,3.333333333,4,1.5,5,-1.038315681,1.11742044,-1.41320092,2,4,0.699388373,-0.146368717,-2.623790252,1.14500238,-0.4896479
2,3.333333333,4,3.5,3.5,-0.445102129,-0.983082871,-0.481288477,2,3,-1.404244132,0.250172662,-0.150438391,-0.3476845,-0.9222721
2.5,3,2.5,2.5,3,1.551656837,-0.930388172,-0.006913086,4,4,0.058700866,0.127544331,0.465592949,-0.4469051,-0.9519016
3,3,4.5,4,4.5,-0.039936198,-1.521382374,0.009925252,4,5,-0.458539052,0.967666324,0.306507812,1.07019708,-0.9429243
2,3,3,4,2,1.145024072,-1.954292478,-1.41320092,3,2,-0.363982392,-1.112093985,-1.976165436,0.53128585,0.06975934
2.5,2.666666667,2,4.5,3.5,1.956822768,-0.930388172,-0.93882553,2,4,0.676279348,-1.048012207,-0.238778627,-0.469176,-1.4492948
3.5,3.666666667,3,2.5,5,0.771862497,0.579120937,-0.006913086,2,4,0.444337859,-1.490931518,-0.96175611,-0.3742442,0.42241512
3.5,3.666666667,4.5,2,4,-0.226516986,1.11742044,-1.41320092,3,3,1.354013121,0.04526183,-1.08386913,0.97468032,-0.1693766
2.5,3.666666667,4,3,3,2.395459888,-0.983082871,-0.006913086,4,5,0.954438888,1.151154849,0.819964466,0.46018438,0.41966008
4,3.333333333,5,1,2.5,-0.445102129,1.11742044,-0.955663868,2,3,-0.340873367,1.072093932,-0.121598798,1.24207856,0.46102183
1,2.333333333,3.5,4.5,1.5,-0.446568963,0.631815637,-1.41320092,2,2,-1.18725633,-0.464181629,-0.159621496,1.21980768,-0.0363714
3.5,2.666666667,3,2.5,2.5,1.177028428,0.040821435,-0.006913086,3,4,-0.132040902,-0.412718833,-1.171158785,-0.4713204,-0.5282546
2.5,4,4.5,2,4.5,-0.446568963,1.11742044,0.450623966,2,2,-0.641125484,1.151237062,0.980100183,-0.2527527,0.94943783
2.5,4.333333333,4,3.5,4.5,-0.445102129,1.11742044,1.38253641,3,5,1.062932789,0.913146369,1.030417721,-1.8223893,0.98457736
5,2,4,1.5,5,0.958443285,1.11742044,1.38253641,1,1,0.459291547,0.012081969,-0.100120853,1.24207856,0.46102183
1,3,4,2.5,2.5,-0.445102129,0.146210834,-0.464450139,2,2,1.148317664,-2.10802417,-0.217300682,-1.0606216,-0.3924944
2.5,2.333333333,3.5,2,3.5,0.958443285,-0.444783369,-0.481288477,2,2,1.18536393,-1.15541476,0.061836321,-1.1598422,-0.4221238
3,4.333333333,4,3,2.5,-0.226516986,-0.33939397,-0.006913086,4,4,-0.363982392,0.913146369,1.030417721,1.12058708,-0.0660009
4,4.333333333,5,1,4.5,-1.038315681,0.579120937,0.908161019,2,4,-0.749619384,0.58568942,0.87315404,1.14285797,0.43139236
3,4,4.5,3,2,1.771708814,-2.978196784,-0.93882553,1,5,-1.404244132,-1.757281635,0.490875356,-2.0653723,-0.0694681
3,4.333333333,3.5,1,2.5,0.148111423,1.11742044,0.908161019,1,3,-0.749619384,0.436882771,0.970917078,1.11844267,0.85503936
2,4.666666667,4.5,1.5,5,-0.63314975,1.11742044,-0.481288477,3,4,-1.041716164,0.012081969,-0.100120853,0.40764997,0.46377687
1.5,3.666666667,4,4.5,2.5,-0.665154106,0.093516134,0.450623966,1,4,0.400152704,-0.244209446,0.138121414,0.36096379,0.39003062
3,3.666666667,2.5,3,5,0.991914474,1.11742044,0.924999357,2,4,0.081809891,0.470062632,-0.012831198,0.48459968,-0.0039869
1.5,3.333333333,4,2,3.5,-0.039936198,-0.444783369,-0.006913086,1,3,0.130148501,-2.074679883,-0.880777523,0.38537908,-0.0336164
1,3.333333333,3.5,2.5,4,-0.039936198,-0.444783369,-1.41320092,1,2,0.871174572,0.048483414,-0.475970314,-0.3498289,-0.0012319
3,4,3.5,3,3.5,0.771862497,-0.877693472,0.450623966,4,2,-0.363982392,1.072011719,-0.281734516,0.38537908,-0.0336164
1,4,5,4,5,-1.038315681,0.093516134,0.924999357,1,4,-1.12710104,-0.006036541,0.247939595,-1.7899814,-0.4779729
3,4.333333333,5,1,5,-1.038315681,1.11742044,-2.345113364,1,1,0.313751381,-0.632608803,-1.308765978,-0.2484639,-0.8926426
4,2.333333333,3.5,2.5,2.5,1.363609215,0.093516134,-0.006913086,4,3,0.14510219,0.063462553,-1.27179386,-0.570541,-0.5578841
2,4.666666667,5,2,2,-1.038315681,0.093516134,-0.464450139,2,4,-0.255488491,-0.146865594,1.051895665,1.21766327,0.88466882
1.5,2.666666667,3,4.5,4,1.145024072,0.093516134,-1.396362582,2,3,0.699388373,-1.01466792,-0.902255468,0.3631082,-0.5310096
2.5,3,3,2,3.5,1.583661193,0.631815637,-0.498126815,4,5,-0.292534757,-0.535347164,-0.555127445,-0.3195654,-0.5427419
3.5,3.666666667,4,1.5,4,-1.038315681,0.093516134,0.450623966,3,4,-0.0868393,0.250172662,-0.150438391,0.3631082,-0.5310096
1.5,3.666666667,5,2.5,2.5,-1.038315681,-1.415992975,-0.481288477,2,4,-1.12710104,-0.006118753,0.087803877,-0.327558,0.49616137
4,3.666666667,2.5,1,4.5,1.77024198,0.093516134,0.450623966,1,3,1.425460756,-1.375304731,-0.075770872,0.28615849,-0.0632458
4.5,5,5,1,3,-1.038315681,-0.930388172,-0.481288477,3,3,-1.295750231,0.23197194,0.037486339,0.28615849,-0.0632458
4,3,4.5,4.5,5,1.365076049,0.579120937,0.450623966,2,2,-0.027700457,1.072011719,-0.281734516,-1.062766,0.52854587
2.5,4.333333333,5,1,4,-1.038315681,1.11742044,-1.41320092,1,2,-0.386074969,1.072755234,-3.477013279,1.26649385,0.03737484
2,4,4,2,4,-1.038315681,0.093516134,-0.955663868,1,2,0.930313415,-1.119013316,-0.31401314,-1.1295787,-0.9636339
4,4.666666667,3,2.5,4.5,-0.445102129,0.631815637,0.908161019,5,4,-0.618016459,1.310102412,-0.332052053,0.38323467,0.88742386
1,4,3,3,4.5,0.146644589,1.11742044,0.450623966,2,4,-0.749619384,0.567488698,1.061078771,1.21980768,-0.0363714
2,4,4,3,4,-0.445102129,1.11742044,-0.481288477,3,1,0.14510219,-1.01466792,-0.902255468,0.48674409,-0.9250271
3,1.333333333,5,1.5,3.5,-0.226516986,0.093516134,-0.481288477,1,3,-0.472476292,0.488345567,-0.040620211,1.20182562,-2.3758451
2.5,4,2.5,3.5,3,1.956822768,-0.444783369,0.450623966,2,4,-0.14699459,0.250172662,-0.150438391,-0.4490495,-0.0308613
3,3,3.5,2.5,2.5,0.956976451,-0.392088669,-1.41320092,1,4,0.399136256,-0.297256471,-0.605444982,0.26388761,-0.5606391
3,3,3,3,2.5,0.958443285,-0.444783369,-0.481288477,3,3,0.530739182,-0.431001768,-1.143369773,-0.4246342,-0.4545083
4.5,4,4,2,5,-0.038469364,0.093516134,-0.481288477,2,4,0.190303792,0.012081969,-0.100120853,0.36096379,0.39003062
2,4,2.5,3.5,3.5,2.175407911,0.146210834,0.908161019,3,5,0.036608289,1.072093932,-0.121598798,1.19753679,-0.5337646
1.5,3.333333333,4,4.5,2.5,-0.039936198,-1.415992975,-0.498126815,3,2,-1.404244132,-1.649879081,0.190260409,0.38323467,0.88742386
4,3.333333333,4.5,1.5,3,-0.038469364,0.093516134,1.38253641,2,3,0.14510219,0.693256399,0.892810528,1.0983162,-0.5633941
4,3,2,3,2.5,1.77024198,-0.392088669,-1.396362582,4,5,-0.015391665,0.769839248,-1.968803788,-0.5726854,0.36315618
1,2.666666667,1.5,5,4,2.143403555,-1.954292478,0.450623966,4,4,0.144085742,1.389327755,0.929782646,-0.9635454,0.55817534
2.5,3.666666667,3,3.5,4,0.146644589,-0.444783369,-0.006913086,3,3,-0.363982392,0.488263355,-0.200755929,-0.4490495,-0.0308613
5,4.333333333,4.5,2,4.5,-0.039936198,0.093516134,0.450623966,2,4,-0.0868393,-0.384956286,1.102213203,0.40764997,0.46377687
1,4,3,2,2.5,1.366542883,-1.468687675,-0.023751424,1,2,-0.472476292,-0.226008724,-0.049803316,-0.3498289,-0.0012319
3.5,3.666666667,4,2,2.5,-0.445102129,-0.930388172,-1.870737973,2,2,-0.387091417,-0.394518111,-1.359083515,-1.062766,0.52854587
1,3.666666667,5,1,5,-1.038315681,1.11742044,-0.481288477,1,4,-1.404244132,-1.555013297,-2.69914292,1.26649385,0.03737484
2,4,4,2.5,5,0.958443285,0.579120937,0.450623966,1,2,1.354013121,0.012081969,-0.100120853,-0.3254136,-0.4248789
3,3.333333333,3.5,3,4,0.146644589,-0.877693472,0.450623966,2,3,-0.363982392,0.250172662,-0.150438391,-0.4490495,-0.0308613
1,3.333333333,3.5,3,2,-0.631682916,-0.392088669,-0.955663868,2,2,-1.295750231,-0.226090937,-0.209939034,-0.4490495,-0.0308613
4,5,4,1.5,3.5,-0.038469364,0.579120937,-0.481288477,2,3,0.807882274,0.931347092,0.842492991,-0.3519733,0.91980836
3.5,4,5,2,4.5,-0.445102129,0.093516134,-0.006913086,3,3,-0.255488491,0.268373384,-0.338363121,-1.0850369,0.03115263
3.5,4,4.5,2,4,-0.039936198,0.631815637,-1.41320092,4,4,1.148317664,0.268373384,-0.338363121,-0.4490495,-0.0308613
3,4.333333333,5,3,3,-1.038315681,1.11742044,1.38253641,5,5,-1.404244132,1.389327755,0.929782646,-0.2527527,0.94943783
1,4.333333333,4,3,2.5,-0.039936198,1.11742044,1.38253641,1,2,-0.363982392,-0.464263842,-0.319757214,-0.2527527,0.94943783
3.5,3.666666667,3.5,3.5,5,0.958443285,1.11742044,1.38253641,1,5,2.174642164,-1.393008576,-3.563532059,-0.317421,-1.4637821
4,3,4.5,5,5,0.366696566,1.11742044,1.38253641,1,2,-1.404244132,1.151237062,0.980100183,1.21766327,0.88466882
2.5,4.666666667,5,4,3,0.739858142,-2.439897281,1.38253641,5,4,-0.547585271,-1.393505453,0.112153858,1.19753679,-0.5337646
1,2,2.5,3.5,2,0.771862497,1.11742044,0.908161019,2,4,-1.404244132,-0.94052744,-0.379257857,1.17741032,-1.9521981
1,2,4.5,1.5,2,-1.038315681,0.093516134,-0.481288477,1,3,-1.150210065,-0.827957811,0.219100002,-0.2039221,0.10214385
1.5,3.666666667,5,2.5,5,-0.63314975,0.093516134,-1.41320092,2,4,-1.018607139,-0.095402797,0.040358376,0.48245526,0.91705333
1.5,4.333333333,2.5,3,4.5,1.363609215,0.093516134,-0.006913086,2,4,1.425460756,-0.146865594,1.051895665,-1.1094522,0.45479962
3,3.666666667,4.5,1.5,3,-0.445102129,0.093516134,-0.006913086,1,3,0.699388373,0.012081969,-0.100120853,-1.0850369,0.03115263
1.5,2.666666667,3,4.5,4,0.146644589,0.093516134,-0.006913086,2,2,-0.363982392,-0.809839301,-0.128960447,-0.2728792,-0.4689956
3,4.333333333,3,2,4,-0.445102129,0.631815637,0.924999357,2,2,-0.873066973,0.833921027,-0.231416978,0.48245526,0.91705333
5,5,5,1,5,0.955509617,1.11742044,1.38253641,1,5,1.740666561,1.389327755,0.929782646,-2.1200511,0.89568896
3,5,5,1,5,-1.038315681,1.11742044,1.38253641,1,1,2.174642164,0.913146369,1.030417721,1.21766327,0.88466882
4,4,4,1.5,5,-0.038469364,1.11742044,0.450623966,4,4,-0.232379466,0.250172662,-0.150438391,0.40979438,-0.4572634
2.5,4.666666667,5,3.5,4,-1.038315681,0.579120937,0.450623966,2,4,-1.018607139,-0.095402797,0.040358376,-0.327558,0.49616137
1.5,4,3.5,2,2.5,0.178648945,-0.930388172,-0.481288477,2,4,-0.618016459,0.250172662,-0.150438391,-0.3476845,-0.9222721
2,5,4.5,1,2.5,-1.038315681,-1.468687675,-1.41320092,1,1,-0.363982392,-0.730117082,-2.542811665,-1.797974,0.56093037
2,3.333333333,4.5,2,4,-0.445102129,0.093516134,0.450623966,2,4,-0.14699459,-0.226090937,-0.209939034,-1.0850369,0.03115263
1,1.333333333,1,4,4,0.550343686,-2.439897281,-1.870737973,1,2,-1.404244132,-0.226008724,-0.049803316,-1.9114729,-1.0049956
3,3.333333333,5,2,4.5,0.148111423,1.11742044,-0.006913086,1,2,1.402351731,-0.226008724,-0.049803316,-0.2283374,0.52579084
3,4.333333333,4.5,1.5,3,-0.445102129,0.093516134,0.450623966,4,4,-0.363982392,0.488263355,-0.200755929,0.38537908,-0.0336164
2,4.333333333,2.5,5,2.5,-0.071940554,-0.930388172,-0.481288477,1,3,-0.472476292,-0.571666396,-0.019142266,-0.5482701,-0.0604908
2,5,5,3,4,-0.445102129,0.093516134,0.450623966,2,5,-1.018607139,0.250254875,0.009697327,0.20920878,0.40451793
2.5,3.666666667,5,2,3.5,-0.038469364,0.093516134,-0.006913086,2,3,-0.0868393,-0.384956286,1.102213203,-0.9858163,0.0607821
1,4.666666667,5,2.5,3,-0.445102129,-2.978196784,0.924999357,4,4,-0.472476292,0.152828809,-1.064212642,-1.8122523,-0.9753661
1.5,4.333333333,3.5,3,3,0.365229733,0.093516134,-0.006913086,2,4,-0.595923881,-0.809839301,-0.128960447,-0.3519733,0.91980836
2,3.333333333,5,5,4,0.958443285,0.093516134,0.924999357,1,1,-0.693125437,0.339538919,0.057142827,1.21980768,-0.0363714
1,2.333333333,5,3.5,5,0.366696566,0.093516134,0.450623966,2,4,-1.150210065,-0.128582658,1.024106653,1.11844267,0.85503936
1,4,3.5,1.5,3,-1.038315681,-1.954292478,-0.481288477,1,3,-0.801619338,0.488345567,-0.040620211,-0.327558,0.49616137
2,3,4.5,2,5,-0.446568963,0.579120937,0.450623966,2,4,-0.873066973,-0.827957811,0.219100002,0.40764997,0.46377687
1.5,4.333333333,4,2.5,3.5,-0.039936198,-0.444783369,0.450623966,3,4,-0.255488491,-2.453599629,-0.026503915,1.14285797,0.43139236
2,3,4,5,3,-0.851734893,0.093516134,0.908161019,1,5,-1.404244132,0.329315792,0.95126059,1.21766327,0.88466882
1.5,2.333333333,3.5,1,2,-1.038315681,0.093516134,-1.41320092,1,4,-1.295750231,0.23197194,0.037486339,0.50687056,0.49340633
2.5,4,4,2.5,4.5,0.771862497,1.11742044,0.924999357,4,4,-0.509522558,-0.571666396,-0.019142266,1.12058708,-0.0660009
2.5,4.333333333,4.5,2.5,3,0.3681634,-0.392088669,0.450623966,4,4,-0.363982392,0.488263355,-0.200755929,-1.0850369,0.03115263
2,5,4.5,1,4.5,-0.851734893,1.11742044,-1.41320092,1,1,1.848144014,-0.189607279,-0.425652777,-2.0854987,-1.4879015
2.5,3.666666667,3,2.5,2,1.551656837,-0.930388172,-0.481288477,4,2,1.076870029,-0.650891739,-1.280976965,0.50901497,-0.4276339
3,3,2,2,2.5,2.2088791,0.093516134,-0.481288477,5,5,0.553848207,0.852121749,-0.419341709,0.30842937,0.4341474
3.5,3.666666667,4,2.5,5,0.366696566,-0.497478068,-0.006913086,1,3,-0.741464048,0.595830334,-0.181099441,-1.3301643,-0.1018526
2,4.333333333,2.5,4,3.5,0.958443285,-0.930388172,0.450623966,4,4,-0.873066973,-0.244209446,0.138121414,-0.4267786,0.4665319
4,2.333333333,3,2,3,0.773329331,0.093516134,-0.040589762,2,4,-0.14699459,-1.15541476,0.061836321,0.87760414,-1.1200463
3,4.333333333,5,2,3.5,-1.038315681,0.631815637,0.908161019,1,4,0.047900634,0.693256399,0.892810528,1.21980768,-0.0363714
2,2,2.5,4,3,1.551656837,0.093516134,0.450623966,1,1,-0.363982392,-2.312852789,-0.990595703,-2.0186861,0.0042782
5,5,5,1,3.5,-1.038315681,0.093516134,1.38253641,2,3,-0.509522558,0.913146369,1.030417721,-1.8223893,0.98457736
3.5,4.666666667,4.5,3.5,3.5,-0.851734893,0.631815637,-1.41320092,2,4,-0.656079172,0.030282691,-0.288045584,-1.153994,-0.5399869
3.5,4.333333333,4.5,1.5,3.5,-0.039936198,1.11742044,-0.006913086,5,4,-0.873066973,0.470062632,-0.012831198,-0.3742442,0.42241512
1,3.333333333,4,2,4,-0.446568963,1.11742044,-1.41320092,2,4,0.407291593,-1.173615483,0.249761051,-1.1094522,0.45479962
1,5,5,1,5,-1.038315681,1.11742044,-2.345113364,1,2,-1.18725633,-1.922651651,-0.370641745,-1.7231687,1.01420683
3,4.666666667,5,1,3.5,-1.038315681,1.11742044,1.38253641,4,5,-0.78666565,0.913064157,0.870282003,1.11844267,0.85503936
2,3.666666667,4.5,1.5,3.5,-0.631682916,0.093516134,0.924999357,2,4,-0.89515955,-0.110464149,0.676046205,0.43206526,0.04012987
4,2,2.5,2.5,5,0.959910119,0.579120937,1.38253641,1,4,0.930313415,0.012081969,-0.100120853,0.1869379,-0.0928753
3,5,5,3,3,-1.038315681,1.11742044,1.38253641,5,5,-1.404244132,1.389327755,0.929782646,1.21766327,0.88466882
3.5,3.333333333,4.5,1,4.5,-1.038315681,0.579120937,-1.41320092,2,3,0.916376175,1.169437785,0.792175453,-0.2506083,0.0283976
2.5,5,5,1.5,3,1.802246336,-0.444783369,0.908161019,2,4,1.740666561,-2.850720097,1.015694424,1.22195209,-0.9574116
3,4.333333333,4.5,2.5,3.5,-0.445102129,-0.444783369,-1.41320092,1,4,-0.78666565,0.815802517,0.11664347,-0.5726854,0.36315618
5,5,5,3,5,-1.038315681,1.11742044,1.38253641,1,1,-1.404244132,1.389327755,0.929782646,-1.7231687,1.01420683
2.5,4,4,4.5,3,-0.039936198,-0.930388172,0.450623966,4,4,-0.363982392,-0.192828863,-1.033551592,-0.4490495,-0.0308613
2.5,3.666666667,4,4,4,-0.039936198,0.093516134,0.450623966,3,4,-0.363982392,0.488263355,-0.200755929,1.21766327,0.88466882
2.5,3.666666667,3.5,3,3.5,-1.038315681,0.093516134,-1.41320092,1,4,1.098962606,-0.571666396,-0.019142266,-0.4490495,-0.0308613
2.5,4.333333333,4,3.5,4.5,-0.039936198,-0.392088669,-0.006913086,3,4,0.567785448,-0.571748608,-0.179277984,-0.4713204,-0.5282546
5,5,5,1,5,-1.038315681,1.11742044,1.38253641,3,4,-0.509522558,0.711374909,0.54475008,1.11844267,0.85503936
2,3.333333333,2.5,2.5,2.5,-0.259988175,-1.468687675,-0.93882553,2,2,0.190303792,0.250172662,-0.150438391,-1.0850369,0.03115263
3.5,3.666666667,4.5,3.5,4,-0.851734893,0.579120937,-1.41320092,4,4,-0.749619384,0.632231778,-0.556948901,0.16252261,0.33077168
4,4.333333333,5,1.5,4.5,0.554744188,1.11742044,0.908161019,2,5,-0.292534757,0.109425822,0.813653398,1.24207856,0.46102183
3,3,5,1,4,-0.631682916,-0.392088669,-0.481288477,2,2,-0.509522558,0.286656319,-0.366152134,0.40764997,0.46377687
2,3,3,4.5,2.5,0.365229733,-2.439897281,-0.023751424,1,4,-1.295750231,-1.631678359,0.002335678,0.50687056,0.49340633
4.5,4.333333333,4,1.5,3.5,0.553277354,0.631815637,0.450623966,4,4,-0.509522558,1.072011719,-0.281734516,-0.3742442,0.42241512
3,4.333333333,4.5,2,3,-0.259988175,0.093516134,-0.481288477,3,3,1.061916341,1.053810997,-0.093809785,0.38537908,-0.0336164
2.5,3.666666667,4.5,1,3.5,-0.851734893,0.093516134,0.924999357,1,3,0.093102236,-2.038278438,-1.256626984,0.28401408,0.85779439
3.5,4.666666667,4.5,1,3.5,0.959910119,0.093516134,-0.006913086,2,1,-0.741464048,-0.146865594,1.051895665,0.50901497,-0.4276339
3.5,4.333333333,4,2,3.5,0.365229733,0.093516134,0.450623966,2,4,0.14510219,-0.809839301,-0.128960447,-0.5238548,-0.4841378
3,3,5,1.5,3.5,-0.631682916,0.146210834,0.924999357,2,3,-0.195333201,0.72643626,-0.090937748,0.46018438,0.41966008
3,5,5,1,4,-1.038315681,1.11742044,1.38253641,4,5,0.830991299,-0.730531745,1.29300997,1.21766327,0.88466882
1.5,3.666666667,2.5,3.5,3.5,0.146644589,0.093516134,-0.481288477,2,3,-0.749619384,0.250172662,-0.150438391,-0.3720998,-0.4986251
2.5,3.666666667,5,1.5,3,-0.631682916,-0.392088669,0.450623966,1,4,-0.363982392,-1.252758613,-0.85193793,1.14285797,0.43139236
2,2.666666667,4,2,3,-0.851734893,0.093516134,-1.41320092,1,1,-0.14699459,-1.631760571,-0.15780004,-1.0606216,-0.3924944
2,4,4,1.5,3.5,1.365076049,1.11742044,0.450623966,2,2,1.29385783,-2.471800351,0.161420815,-0.2283374,0.52579084
2,3,3,3.5,4,1.551656837,0.579120937,0.450623966,3,4,-0.363982392,0.470144845,0.14730452,0.38323467,0.88742386
2.5,4.666666667,3.5,3,4.5,-0.039936198,0.093516134,-0.006913086,3,4,0.699388373,-0.315292768,-0.097248816,-1.1317231,-0.0425936
1,3.333333333,1.5,2,4.5,1.143557238,-0.392088669,0.450623966,2,2,-0.532631583,0.012081969,-0.100120853,-1.0606216,-0.3924944
1.5,5,4.5,4,5,-0.038469364,1.11742044,1.38253641,1,1,-1.258703966,-0.623129192,0.992395023,-1.2834781,-0.0281063
4,4.333333333,4,2,3.5,-1.038315681,0.040821435,0.450623966,1,2,-0.326936126,-0.474322543,0.894631985,-1.0850369,0.03115263
4,3.666666667,4,1.5,3,-0.038469364,1.11742044,1.38253641,1,1,0.035591841,-1.393505453,0.112153858,1.21766327,0.88466882
2,2.333333333,4,4.5,4.5,-0.259988175,-0.877693472,0.924999357,1,2,-1.018607139,-0.006118753,0.087803877,-1.011791,-1.2397883
3,3.666666667,3,3,3.5,1.178495262,-0.444783369,-0.006913086,4,4,-0.218442226,-0.077284288,-0.307702072,0.3631082,-0.5310096
2,4.333333333,4,3,4,0.959910119,0.579120937,-0.464450139,2,2,-0.326936126,0.470062632,-0.012831198,-0.3742442,0.42241512
2,4,5,3,4,-1.038315681,1.11742044,-0.481288477,1,2,0.553848207,-1.683223368,0.853737249,0.20920878,0.40451793
4,4.333333333,4,2,4,-0.038469364,0.093516134,0.924999357,2,4,0.95342244,0.268455597,-0.178227404,-1.1842575,0.00152316
3.5,3.666666667,4.5,3.5,3,0.959910119,-0.392088669,0.924999357,3,4,-0.255488491,0.311694159,-2.376364879,-0.3720998,-0.4986251
2.5,3.666666667,2.5,4,4.5,2.363455532,-0.444783369,-0.481288477,1,2,0.14510219,-1.649879081,0.190260409,-0.5906675,-1.9763175
2.5,3.666666667,4,3.5,3.5,0.366696566,0.579120937,0.450623966,5,4,0.422245281,0.964526953,-0.141255286,1.02136649,-0.0956303
1,3.333333333,2.5,4,5,-0.039936198,0.093516134,-0.023751424,1,2,-0.267797284,0.375940363,-0.318706633,-1.0828925,-0.8898876
3,4.333333333,3,2.5,4,0.146644589,0.093516134,0.450623966,3,3,-0.0868393,0.488345567,-0.040620211,-0.3254136,-0.4248789
3,4.333333333,5,2,3.5,-1.038315681,0.093516134,-0.481288477,1,1,-0.401028657,1.389327755,0.929782646,-0.327558,0.49616137
3,4,3,3,2.5,-0.631682916,0.579120937,0.450623966,5,4,1.062932789,0.708235538,0.096986982,1.21766327,0.88466882
5,2.333333333,3.5,3,5,0.178648945,0.579120937,0.908161019,5,5,-0.89515955,0.232054152,0.197622057,-2.0208305,0.92531843
4,4,4.5,1,2,-1.038315681,1.11742044,0.450623966,2,2,2.139224346,0.470062632,-0.012831198,1.10046061,-1.4844344
3.5,3.666666667,4,3,4.5,-0.039936198,-0.444783369,-0.006913086,4,3,-0.509522558,0.58568942,0.87315404,0.38537908,-0.0336164
1,4.666666667,4.5,1,2.5,-1.038315681,0.579120937,-1.887576311,1,4,-1.18725633,-0.348554842,0.726363742,-1.0303581,-0.9340044
1,3.666666667,4.5,4.5,2.5,0.553277354,-1.954292478,0.450623966,4,3,-1.404244132,-1.649961294,0.030124691,-0.2750236,0.45204459
2,3.333333333,3,3,3,0.553277354,0.093516134,-0.006913086,2,4,-0.741464048,0.250254875,0.009697327,-0.5482701,-0.0604908
3,3,3,3,3,0.553277354,-0.392088669,0.450623966,3,3,0.275688668,0.506464077,-0.388680659,-0.4469051,-0.9519016
1,4,3,3,3,2.175407911,0.579120937,-0.006913086,3,1,-1.12710104,0.470144845,0.14730452,1.14285797,0.43139236
4.5,5,5,1,4.5,-1.038315681,0.093516134,-1.41320092,2,4,0.021654601,0.012081969,-0.100120853,-1.0850369,0.03115263
1,1.333333333,4.5,5,4.5,-0.445102129,0.093516134,-1.887576311,4,2,-1.295750231,-1.314362323,1.21385284,1.12058708,-0.0660009
4,3.333333333,5,1.5,4,-0.22798382,0.093516134,0.924999357,2,4,0.931329863,0.567488698,1.061078771,0.50687056,0.49340633
4,4,4,2,4,-0.039936198,0.093516134,-1.41320092,2,4,0.407291593,0.048483414,-0.475970314,-0.3498289,-0.0012319
2.5,3.666666667,3.5,2,3.5,-0.851734893,-1.954292478,0.450623966,1,2,-0.363982392,-0.226090937,-0.209939034,-0.2506083,0.0283976
4,4,5,1,5,-1.038315681,0.093516134,-0.006913086,1,4,-0.618016459,-0.55338346,-0.046931279,-0.2506083,0.0283976
1.5,4,2.5,1.5,5,-0.631682916,-0.444783369,0.450623966,1,1,1.425460756,-0.366755564,0.914288473,-1.889202,-0.5076024
5,4.666666667,5,3.5,4,-0.851734893,0.093516134,0.450623966,4,4,-0.363982392,0.488263355,-0.200755929,-1.3078934,0.39554068
2,3.666666667,4,2.5,4,-0.226516986,0.631815637,0.450623966,2,4,-0.0868393,-0.571666396,-0.019142266,0.38537908,-0.0336164
1.5,4,3.5,2,5,0.771862497,-0.444783369,-0.006913086,2,3,-1.018607139,-0.244291659,-0.022014303,0.50687056,0.49340633
3.5,4,3,4,4,0.958443285,-0.930388172,-0.006913086,4,4,-0.363982392,0.012081969,-0.100120853,0.38537908,-0.0336164
4,5,4.5,2,5,0.180115779,1.11742044,-0.006913086,1,1,-0.401028657,1.108413164,-0.657583976,0.38323467,0.88742386
4,4.333333333,5,1,4,-0.851734893,0.093516134,-0.006913086,3,3,0.639233083,-0.553465673,-0.207066997,-0.4511939,0.89017889
4,4.333333333,3.5,4.5,5,1.550190003,-1.468687675,0.924999357,4,5,-0.18139596,0.567488698,1.061078771,-0.671906,0.33352671
4.5,4.666666667,5,1,5,-1.038315681,1.11742044,1.38253641,3,5,-0.461183948,0.030282691,-0.288045584,-0.3519733,0.91980836
2,2.333333333,4.5,3,2,-1.038315681,1.11742044,-2.345113364,2,4,-1.18725633,0.171029532,-1.252137372,0.94656119,-0.5489068
4,2.666666667,5,2,2,-0.631682916,0.093516134,-1.41320092,2,3,-0.873066973,-0.226008724,-0.049803316,0.50687056,0.49340633
2.5,3.333333333,3.5,3,3,1.363609215,-0.930388172,-0.006913086,3,3,0.399136256,-0.17462814,-1.221476323,0.3875235,-0.9546566
3.5,4.333333333,4.5,1.5,3,0.366696566,1.11742044,0.450623966,4,4,0.400152704,1.169355572,0.632039735,0.36096379,0.39003062
3.5,3.666666667,3,2.5,3.5,1.77024198,0.093516134,0.467462305,4,5,-0.326936126,0.693091973,0.572539093,1.0983162,-0.5633941
2.5,4.666666667,5,2.5,5,-0.63314975,1.11742044,-0.464450139,1,4,0.153257526,-0.226008724,-0.049803316,1.11844267,0.85503936
3.5,4.666666667,5,3.5,4,-1.038315681,-0.877693472,1.38253641,1,4,-1.404244132,-0.730531745,1.29300997,-0.2527527,0.94943783
4,4,4.5,2,3,-0.039936198,0.093516134,0.924999357,2,2,1.316966855,0.048483414,-0.475970314,-0.2506083,0.0283976
4,4.333333333,4.5,3,3,-0.039936198,-0.877693472,-0.023751424,2,2,0.407291593,0.708235538,0.096986982,0.30842937,0.4341474
1.5,4,5,3,3.5,-0.851734893,0.093516134,0.450623966,1,3,-0.255488491,-0.44920249,-0.955445042,-1.0871813,0.95219286
1.5,3.666666667,4,4.5,4.5,-0.445102129,0.093516134,0.908161019,4,4,-0.363982392,0.567488698,1.061078771,-1.0871813,0.95219286
2.5,3.333333333,3.5,4,3.5,0.146644589,-0.444783369,-0.006913086,4,4,-0.363982392,-0.333575703,-0.069459804,0.28615849,-0.0632458
1,2,4,5,4.5,0.55181052,0.093516134,-0.481288477,2,2,0.190303792,0.23197194,0.037486339,-0.4490495,-0.0308613
3.5,1.666666667,4,4.5,5,0.959910119,0.093516134,0.450623966,1,2,0.268549779,-2.031359108,-2.91877928,0.41778703,-1.4961666
4,4,3.5,2.5,3.5,0.553277354,-0.392088669,-0.023751424,4,4,0.639233083,0.823780113,0.822836503,-0.4267786,0.4665319
3,5,4.5,1.5,4,-0.631682916,0.093516134,-0.023751424,3,3,-0.401028657,1.151237062,0.980100183,0.46018438,0.41966008
3,4.666666667,5,2.5,3.5,-0.039936198,0.631815637,-0.498126815,4,3,-0.31878079,0.567488698,1.061078771,1.14285797,0.43139236
3,4,3.5,3.5,4,-0.851734893,-0.444783369,0.450623966,4,3,0.844928539,0.268373384,-0.338363121,-0.4267786,0.4665319
2.5,2.666666667,4,5,5,2.176874745,1.11742044,1.38253641,1,4,-0.604079218,-1.393505453,0.112153858,-0.570541,-0.5578841
3,4,5,1.5,4,-0.445102129,0.093516134,0.467462305,4,5,-1.295750231,0.585607207,0.713018322,1.21980768,-0.0363714
5,2.333333333,5,1,2,0.958443285,1.11742044,-2.345113364,1,4,-1.404244132,0.436964984,1.131052796,-0.2750236,0.45204459
1,3.333333333,5,2.5,2,-1.038315681,-1.901597778,-0.481288477,1,1,-1.404244132,-2.056479161,-1.068702253,-1.0606216,-0.3924944
3.5,3.333333333,4,2,2.5,0.55181052,0.093516134,-0.006913086,4,3,0.276705115,-0.077284288,-0.307702072,0.31057379,-0.4868928
3,5,5,1.5,3.5,-1.038315681,0.093516134,0.450623966,1,3,-1.404244132,0.488263355,-0.200755929,-0.4166416,-1.4934116
3,4,4,2,4.5,0.146644589,0.093516134,0.450623966,2,2,1.462507022,0.470144845,0.14730452,-1.1821131,-0.9195171
3.5,3.666666667,3.5,2,3.5,1.177028428,-0.497478068,0.450623966,3,4,-0.123885565,0.152828809,-1.064212642,-0.3254136,-0.4248789
2.5,4.333333333,4.5,2,4.5,-0.851734893,0.093516134,-0.481288477,1,3,-0.0868393,-0.809757088,0.031175271,-0.570541,-0.5578841
3.5,4,4.5,1.5,4.5,1.583661193,0.093516134,0.450623966,3,3,-0.363982392,0.488263355,-0.200755929,0.38537908,-0.0336164
3.5,4,4,2,4,-0.445102129,-0.930388172,-1.41320092,2,2,0.639233083,-0.571666396,-0.019142266,-0.3498289,-0.0012319
4.5,3.333333333,5,2,4.5,-1.038315681,0.579120937,-0.481288477,4,4,1.148317664,-1.357104008,-0.263695602,1.12058708,-0.0660009
2,4,4,4.5,3.5,-0.039936198,0.093516134,-0.481288477,2,3,-1.404244132,0.030282691,-0.288045584,1.14285797,0.43139236
3,3.333333333,3.5,2,4.5,-0.038469364,0.631815637,0.450623966,1,3,2.756802828,-0.244209446,0.138121414,0.50687056,0.49340633
2.5,4,4.5,2,3,-0.039936198,-1.954292478,-1.870737973,1,2,-0.14699459,0.152828809,-1.064212642,-0.3720998,-0.4986251
2,4,4.5,2,3.5,-0.851734893,-0.444783369,0.450623966,2,3,-0.401028657,-0.571666396,-0.019142266,0.36096379,0.39003062
2,3.666666667,4.5,3,4.5,-0.851734893,0.579120937,-1.41320092,2,3,-0.873066973,-0.730613958,1.132874253,-1.1842575,0.00152316
5,5,5,1,5,-1.038315681,1.11742044,-2.345113364,5,5,-1.404244132,0.436964984,1.131052796,0.8207809,0.76615095
2.5,4.333333333,3.5,2,4,-0.63314975,-0.444783369,-0.481288477,2,2,-0.255488491,-0.870781709,-1.418584158,0.38537908,-0.0336164
3,4,3.5,1.5,4,0.148111423,0.093516134,0.450623966,2,3,0.422245281,-1.15541476,0.061836321,0.40764997,0.46377687
3,2.333333333,2.5,3,2.5,0.518339331,-0.930388172,0.450623966,3,4,0.422245281,-1.15541476,0.061836321,-0.4713204,-0.5282546
3,4,4,2,2.5,-0.851734893,0.093516134,-0.93882553,2,3,-0.255488491,-0.679233375,-0.038798754,0.38537908,-0.0336164
2.5,3,3.5,3.5,2,-0.039936198,-0.930388172,0.450623966,2,4,-0.363982392,0.152828809,-1.064212642,0.38537908,-0.0336164
2,4.333333333,4.5,3,4,0.553277354,-0.930388172,0.450623966,2,2,0.530739182,0.109425822,0.813653398,-0.327558,0.49616137
3.5,3,3.5,3.5,5,1.179962096,0.579120937,0.450623966,2,2,0.362089991,0.674973464,0.920599541,0.41778703,-1.4961666
2.5,3.666666667,4.5,2.5,4.5,-0.851734893,-1.954292478,0.450623966,1,2,-0.363982392,0.488263355,-0.200755929,0.48459968,-0.0039869
1.5,2.333333333,4,3,5,-1.038315681,1.11742044,-2.345113364,3,4,0.89326715,-1.631678359,0.002335678,-1.7634217,-1.8226601
4.5,4.666666667,5,1.5,4,-1.038315681,1.11742044,-0.955663868,3,5,0.916376175,0.268373384,-0.338363121,-0.3498289,-0.0012319
1.5,3.333333333,3,4.5,2.5,0.365229733,1.11742044,0.450623966,3,5,-0.595923881,-0.385038499,0.942077485,0.48459968,-0.0039869
5,5,5,1.5,4,-1.038315681,1.11742044,-1.41320092,2,2,-0.472476292,0.80557939,1.010761233,1.17526591,-1.0311579
3.5,3.333333333,3.5,3,4,0.553277354,0.093516134,1.38253641,2,3,0.14510219,-0.571666396,-0.019142266,0.26388761,-0.5606391
3,3.666666667,4,1.5,3,0.773329331,-1.415992975,0.450623966,1,2,1.462507022,-1.631678359,0.002335678,0.33284467,0.01050041
1,4.333333333,4.5,3.5,5,-0.226516986,0.631815637,1.38253641,2,2,-1.404244132,-0.146865594,1.051895665,0.48245526,0.91705333
3,3.333333333,4,2,3,-0.039936198,0.093516134,0.450623966,4,4,1.208472955,0.744636983,-0.278862479,0.34083732,-1.0284029
3,5,4.5,3,3,-0.038469364,0.579120937,-0.006913086,2,2,1.462507022,0.436800558,0.81078136,-0.3965151,-0.0749781
3.5,3,3.5,3.5,4.5,-0.038469364,-0.930388172,0.450623966,1,1,-0.363982392,0.012081969,-0.100120853,-0.5238548,-0.4841378
5,5,4.5,2.5,3.5,-1.038315681,0.093516134,0.450623966,2,3,-0.109948325,0.109508034,0.973789115,1.12058708,-0.0660009
3,4.333333333,4,3,4,-0.445102129,0.040821435,0.450623966,2,4,0.021654601,1.310102412,-0.332052053,0.48459968,-0.0039869
2.5,3,5,3.5,4.5,-0.445102129,0.579120937,0.450623966,1,2,-0.232379466,-0.006118753,0.087803877,1.14285797,0.43139236
3.5,3.666666667,4,1.5,2.5,0.3681634,0.093516134,0.450623966,1,3,0.567785448,-0.226008724,-0.049803316,-0.3031427,0.07251438
4.5,2.666666667,3,3,5,0.178648945,1.11742044,0.450623966,2,3,-0.727526807,0.250172662,-0.150438391,1.24207856,0.46102183
1.5,3.333333333,3.5,4,2.5,0.334692211,-1.954292478,0.450623966,2,4,-0.495585317,-0.623129192,0.992395023,-0.327558,0.49616137
3.5,2.666666667,2.5,2.5,4.5,-0.039936198,-1.415992975,0.908161019,3,3,1.244502772,-0.297256471,-0.605444982,0.3127182,-1.4079331
1.5,4.666666667,2.5,5,4,0.331758543,-1.415992975,0.450623966,2,2,-1.404244132,-0.113685732,0.068147389,0.38537908,-0.0336164
2.5,4.666666667,5,1,4.5,-1.038315681,0.093516134,-1.41320092,3,4,-0.415982346,-0.950503929,0.99526706,-0.4713204,-0.5282546
1.5,3.333333333,4,3,3,-0.445102129,0.093516134,0.450623966,1,4,-0.363982392,0.012081969,-0.100120853,-0.3031427,0.07251438
2.5,3.333333333,3.5,3.5,2.5,2.175407911,-0.392088669,-0.006913086,3,4,0.444337859,0.852121749,-0.419341709,-1.2065284,-0.4958701
3,2.333333333,2.5,4.5,4.5,0.553277354,-0.444783369,0.924999357,2,4,-0.981560874,1.29190169,-0.144127323,0.40764997,0.46377687
1,1.666666667,3,3.5,2.5,0.518339331,-1.415992975,-1.870737973,1,4,-0.509522558,-0.146783381,1.212031383,0.53128585,0.06975934
4.5,4.333333333,5,2,4.5,-0.445102129,1.11742044,0.450623966,4,4,1.462507022,0.567488698,1.061078771,-1.3078934,0.39554068
1.5,4,3,2,3,-0.039936198,-1.468687675,0.450623966,4,4,-0.472476292,0.091225099,1.001578128,0.21934585,-1.5554256
4,3.333333333,4.5,2,4.5,-1.038315681,-1.954292478,0.450623966,1,1,0.699388373,-0.333575703,-0.069459804,1.17526591,-1.0311579
4,4.333333333,5,1.5,5,-0.851734893,1.11742044,0.450623966,1,1,1.716541088,0.012081969,-0.100120853,0.48459968,-0.0039869
1.5,2.333333333,3,1.5,2.5,-0.446568963,-1.954292478,1.38253641,2,4,0.190303792,-0.006118753,0.087803877,-0.9858163,0.0607821
4,3.666666667,5,2.5,5,1.366542883,0.579120937,1.38253641,1,5,1.585954611,1.072093932,-0.121598798,0.28401408,0.85779439
3.5,4.333333333,2.5,1.5,3,0.366696566,0.093516134,-0.481288477,1,2,0.167194767,-1.869851264,-0.107482502,-0.4166416,-1.4934116
5,5,4,1,5,-0.478573318,1.11742044,1.38253641,2,1,-0.14699459,1.151237062,0.980100183,0.16252261,0.33077168
1,4.666666667,5,1,4,-1.038315681,1.11742044,0.450623966,1,2,0.044763626,0.091307312,1.161713846,0.3631082,-0.5310096
3,3.333333333,3.5,3.5,3,2.395459888,0.631815637,0.908161019,4,5,0.036608289,0.567488698,1.061078771,1.14285797,0.43139236
3,3,2.5,3,3,1.77024198,-0.983082871,-0.023751424,3,2,0.058700866,0.409038012,-1.462590628,0.31057379,-0.4868928
3,4.666666667,4.5,3.5,5,-0.259988175,0.093516134,0.450623966,5,5,-0.89515955,1.407528477,0.741857915,-0.3742442,0.42241512
1,2.666666667,2.5,4,3.5,-0.446568963,0.579120937,1.38253641,2,1,-0.849957948,0.913146369,1.030417721,-0.3519733,0.91980836
3.5,2.666666667,3,2.5,2.5,1.77024198,-0.392088669,0.467462305,4,3,-0.0868393,-0.09548501,-0.119777341,0.28615849,-0.0632458
2.5,2.666666667,3,3,3,0.958443285,0.093516134,0.450623966,3,3,0.676279348,-0.412801046,-1.331294503,-0.4469051,-0.9519016
1.5,4.666666667,2.5,4.5,3.5,0.146644589,-1.954292478,0.450623966,4,5,-0.195333201,0.250254875,0.009697327,-1.9438808,0.45755465
2.5,2.333333333,3.5,3,2.5,1.77024198,0.093516134,1.38253641,5,4,-0.78666565,0.726354047,-0.251073466,1.02136649,-0.0956303
1.5,4,3,3,4,0.365229733,-2.49259198,-0.481288477,1,3,0.785789697,0.109425822,0.813653398,-2.040957,-0.493115
2,4.666666667,5,3.5,4,-0.258521341,-0.930388172,0.450623966,2,4,-1.404244132,0.470144845,0.14730452,0.38323467,0.88742386
2,3.333333333,3,5,3.5,1.550190003,-2.439897281,-0.481288477,4,5,-0.801619338,0.347598727,0.923471578,0.26388761,-0.5606391
5,4.333333333,5,1.5,5,-0.258521341,1.11742044,-0.023751424,4,4,-0.363982392,0.931347092,0.842492991,1.14285797,0.43139236
2,4.333333333,5,1,3,-0.851734893,0.631815637,0.924999357,1,4,-0.78666565,1.389327755,0.929782646,1.21980768,-0.0363714
5,5,5,1,3,-1.038315681,1.11742044,1.38253641,1,4,-0.873066973,1.291983903,0.016008395,1.21766327,0.88466882
4,2.666666667,4,3,4,-0.225050152,0.093516134,0.450623966,4,2,0.081809891,0.012081969,-0.100120853,0.38537908,-0.0336164
1.5,4,4,3,4,-0.851734893,0.579120937,0.450623966,2,2,-1.258703966,0.23197194,0.037486339,1.21766327,0.88466882
5,4,5,1,5,-1.038315681,1.11742044,-2.345113364,1,5,2.32018233,0.964526953,-0.141255286,1.2240965,-1.8784519
3.5,4.333333333,4.5,2.5,3.5,-0.631682916,-0.444783369,-0.481288477,2,2,0.676279348,0.675055677,1.080735259,-0.4490495,-0.0308613
4,4,4.5,2,5,-0.851734893,0.093516134,0.924999357,4,2,0.407291593,-0.535264951,-0.394991727,-1.0850369,0.03115263
3,3.333333333,3.5,3,2.5,2.395459888,0.631815637,0.924999357,4,5,0.290642356,0.567406485,0.900943053,0.50687056,0.49340633
1,1.333333333,2,5,1,0.924972095,-2.49259198,-0.481288477,5,4,-1.12710104,0.329315792,0.95126059,1.04578179,-0.5192773
4.5,5,5,2,3.5,-0.445102129,1.11742044,0.924999357,2,4,0.276705115,0.268455597,-0.178227404,0.36096379,0.39003062
1.5,4,2.5,4.5,3,0.145177756,-0.983082871,-0.481288477,5,5,-0.704417782,0.436882771,0.970917078,-1.9216099,0.9549479
3.5,3.333333333,4,3,3.5,-1.038315681,0.093516134,0.450623966,2,4,0.422245281,0.488263355,-0.200755929,-0.3498289,-0.0012319
3,5,5,1,5,-1.038315681,1.11742044,0.450623966,4,4,1.354013121,1.389327755,0.929782646,1.04363738,0.4017629
3,4,4,2,3.5,-0.445102129,-0.930388172,-0.93882553,2,3,-1.018607139,-0.128664871,0.863970935,0.30842937,0.4341474
2.5,4.666666667,5,1.5,5,-0.038469364,0.093516134,-0.481288477,4,5,-0.618016459,1.389327755,0.929782646,0.36096379,0.39003062
4,3.666666667,2.5,2.5,3,1.988827123,1.11742044,0.908161019,4,4,0.167194767,1.389327755,0.929782646,1.00124002,-1.5140638
2,3,4,3,3.5,-0.445102129,-0.930388172,0.450623966,4,4,-0.363982392,-0.430919555,-0.983234055,-0.3965151,-0.0749781
2,3.333333333,4.5,2,3,0.3681634,0.093516134,0.467462305,5,5,0.036608289,1.548275318,-0.222233873,0.38323467,0.88742386
4,4.333333333,5,2,5,-1.038315681,1.11742044,-0.006913086,1,5,0.362089991,0.109508034,0.973789115,-0.3498289,-0.0012319
3,4,5,1.5,4,-0.631682916,0.579120937,0.924999357,3,3,-0.873066973,0.347516514,0.76333586,1.09617179,0.35764611
3,4,4.5,2.5,3,-0.291992531,0.579120937,0.450623966,4,4,0.14510219,0.488345567,-0.040620211,0.36096379,0.39003062
2.5,3.666666667,5,3,5,-0.225050152,1.11742044,1.38253641,1,1,-0.184040856,1.602877485,-0.786008064,-0.2283374,0.52579084
1,4.333333333,3,1.5,5,-0.258521341,-0.392088669,-0.006913086,5,3,-0.764573073,0.250172662,-0.150438391,1.1731215,-0.1101177
4.5,5,4,1,5,-1.038315681,0.579120937,0.450623966,1,1,1.425460756,-0.366837777,0.754152755,-0.2506083,0.0283976
2.5,2.333333333,2,2,3,0.586748544,0.579120937,0.450623966,3,2,0.639233083,0.37271878,-0.926605449,-0.2728792,-0.4689956
4,4,4,4,4,-0.445102129,0.093516134,0.450623966,2,4,-1.018607139,-0.006118753,0.087803877,0.14239614,-1.0876618
4.5,4,4.5,4,4.5,0.366696566,0.579120937,-0.481288477,3,4,-0.741464048,0.567488698,1.061078771,-0.4511939,0.89017889
1.5,3.666666667,2.5,2.5,5,-0.039936198,0.631815637,1.38253641,3,4,-0.240534803,0.23197194,0.037486339,1.24422297,-0.4600184
4.5,2.666666667,2.5,4,2.5,2.768621463,0.093516134,-0.023751424,3,3,0.14510219,0.012081969,-0.100120853,0.48674409,-0.9250271
2,4,5,1.5,3,-1.038315681,0.631815637,1.38253641,5,5,-1.12710104,1.389327755,0.929782646,-0.2750236,0.45204459
4.5,3.666666667,5,1.5,4.5,-0.445102129,-0.930388172,0.450623966,2,4,-0.0868393,0.091307312,1.161713846,0.48245526,0.91705333
2.5,2.666666667,3,3,2.5,0.958443285,0.093516134,0.450623966,3,3,0.530739182,0.012081969,-0.100120853,0.3631082,-0.5310096
3,5,5,1,3,-1.038315681,1.11742044,1.38253641,5,5,1.171426689,1.389327755,0.929782646,1.21766327,0.88466882
4,4.333333333,4.5,2,2.5,-0.851734893,0.579120937,-0.464450139,4,5,0.654186771,1.34658607,-0.547765796,0.36096379,0.39003062
2,4,5,2,4.5,-1.038315681,0.093516134,-0.93882553,2,2,1.316966855,-0.571666396,-0.019142266,0.48459968,-0.0039869
2.5,3.666666667,4.5,4,3.5,-0.851734893,0.579120937,-1.41320092,2,4,-0.569677848,0.913146369,1.030417721,-0.3519733,0.91980836
3,4,4.5,2.5,4,-0.851734893,0.093516134,-0.481288477,3,4,-0.509522558,0.012081969,-0.100120853,0.38323467,0.88742386
4,4,5,2.5,4,-0.038469364,-0.392088669,0.450623966,4,4,-1.404244132,-0.226008724,-0.049803316,1.12058708,-0.0660009
1.5,3.666666667,5,3.5,4.5,-1.038315681,1.11742044,-1.41320092,2,4,-1.12710104,0.567488698,1.061078771,-1.787837,-1.3990131
4,4.333333333,5,3.5,3.5,-0.851734893,0.093516134,0.450623966,3,3,-0.641125484,0.250172662,-0.150438391,0.40979438,-0.4572634
2.5,4.666666667,5,2,4,-1.038315681,0.093516134,-0.481288477,2,4,-0.255488491,0.030282691,-0.288045584,-0.3720998,-0.4986251
4.5,4.666666667,4.5,1.5,4,0.148111423,0.631815637,0.924999357,3,4,1.462507022,-0.11360352,0.228283107,0.23947232,-0.1369921
2,2.333333333,3.5,3.5,5,0.365229733,-0.444783369,0.908161019,4,4,-0.232379466,0.347516514,0.76333586,0.40979438,-0.4572634
2,2.666666667,3,2,3,-0.039936198,-0.444783369,-0.481288477,2,2,0.676279348,-0.791638579,-0.316885177,-1.0584772,-1.3135346
5,4.666666667,5,1,4.5,-0.226516986,0.093516134,-1.41320092,2,4,-0.401028657,-0.006118753,0.087803877,-0.4490495,-0.0308613
4,4,5,1,5,-0.225050152,1.11742044,0.450623966,3,3,0.894283597,0.913146369,1.030417721,1.24207856,0.46102183
1.5,4,4.5,3,1,-0.445102129,-0.444783369,-1.41320092,4,5,-0.618016459,0.329315792,0.95126059,-1.1842575,0.00152316
3.5,5,4,2,1.5,0.334692211,-0.392088669,-0.023751424,4,3,1.354013121,-0.351776425,0.118464927,0.30842937,0.4341474
4.5,4.666666667,4.5,4.5,4,1.179962096,0.093516134,0.450623966,2,4,-0.363982392,0.913146369,1.030417721,1.09617179,0.35764611
3.5,4.333333333,5,1.5,3,-1.038315681,0.093516134,0.450623966,5,5,-0.363982392,1.389327755,0.929782646,0.46018438,0.41966008
4,3.333333333,4.5,1.5,2.5,-0.445102129,0.093516134,0.924999357,4,4,-0.0868393,0.470062632,-0.012831198,0.38537908,-0.0336164
2.5,4.333333333,4,2,2,-0.445102129,-0.444783369,0.450623966,2,3,-0.001454424,-0.25435036,1.192374895,-1.2612072,0.46928693
1.5,3.333333333,3.5,3,5,-0.258521341,-2.439897281,0.450623966,2,3,-1.295750231,0.23197194,0.037486339,-0.2506083,0.0283976
1,4.333333333,4.5,1,3,-0.851734893,0.093516134,-1.41320092,1,5,0.261751427,0.931264879,0.682357273,0.36096379,0.39003062
1,4,4.5,4.5,2.5,-0.631682916,-0.392088669,0.450623966,2,2,-1.295750231,0.639233321,-2.05896548,1.24422297,-0.4600184
3.5,3.333333333,4,2.5,2.5,0.771862497,0.093516134,0.450623966,4,4,-0.363982392,0.488263355,-0.200755929,0.38537908,-0.0336164
1.5,2.333333333,4.5,3.5,3.5,-0.039936198,0.093516134,0.924999357,4,3,-0.78666565,-0.226090937,-0.209939034,-0.2951501,-0.9663889
5,5,3,2,3,-0.631682916,0.579120937,0.924999357,5,4,0.216549825,1.407528477,0.741857915,0.46018438,0.41966008
3,4.666666667,5,1.5,3,-0.665154106,-1.468687675,1.38253641,2,4,-1.404244132,0.674973464,0.920599541,0.46018438,0.41966008
2.5,3,3.5,2.5,2.5,1.397080405,0.579120937,0.467462305,4,3,1.053761004,0.409038012,-1.462590628,-1.0606216,-0.3924944
3.5,3,4,4,2,0.991914474,-0.983082871,-0.93882553,4,3,1.039823764,-0.085426309,-1.33416654,1.0983162,-0.5633941
4,2.666666667,5,1,5,-1.038315681,-0.392088669,0.908161019,2,2,-1.150210065,-0.776495014,-0.792437287,1.14500238,-0.4896479
2.5,3.666666667,3.5,3,3,-0.226516986,0.093516134,-0.481288477,3,4,0.799726937,0.931264879,0.682357273,0.46018438,0.41966008
1.5,2.333333333,4.5,4.5,4.5,0.959910119,-0.444783369,-1.870737973,2,5,-1.258703966,1.151237062,0.980100183,1.09617179,0.35764611
3,3.666666667,3,2.5,3.5,1.178495262,-1.415992975,-0.023751424,3,2,0.990468706,-0.520285812,-1.190815273,-0.3009983,-0.8485259
3.5,3.333333333,3,2.5,2.5,0.178648945,0.631815637,-0.006913086,3,4,-0.981560874,0.949465601,0.494432542,1.04363738,0.4017629
1,2.333333333,5,5,5,-0.851734893,-0.824998773,1.38253641,1,1,-1.404244132,-1.314362323,1.21385284,1.26649385,0.03737484
2,4,3.5,2.5,3,0.771862497,0.040821435,1.38253641,2,3,0.676279348,0.852121749,-0.419341709,0.2883029,-0.9842861
3,4.333333333,3.5,2,3,-0.446568963,0.093516134,-0.464450139,2,4,0.190303792,-0.226090937,-0.209939034,-1.0807481,-1.8109278
3,4.333333333,5,2,4.5,-0.226516986,1.11742044,-1.41320092,1,1,1.447553333,1.053810997,-0.093809785,1.21766327,0.88466882
1.5,4.333333333,4,3,3.5,-0.225050152,0.579120937,1.38253641,4,4,0.762680672,-1.241477221,0.622289636,-0.3498289,-0.0012319
5,4.666666667,5,1.5,3.5,-1.038315681,0.093516134,-0.464450139,2,4,-0.063730275,0.58568942,0.87315404,1.24207856,0.46102183
3.5,5,5,1,5,-0.665154106,1.11742044,1.38253641,1,5,0.168211215,0.250172662,-0.150438391,0.2617432,0.36040115
3.5,3,4,2.5,4.5,-0.631682916,0.579120937,-0.93882553,5,5,-1.404244132,1.389327755,0.929782646,0.48459968,-0.0039869
2,3.666666667,4.5,2,3,-0.851734893,-1.954292478,0.450623966,2,4,-1.258703966,0.012081969,-0.100120853,-0.226193,-0.3952494
2,3.333333333,4,1,3,-1.038315681,0.093516134,-0.481288477,2,2,1.571000922,-0.333575703,-0.069459804,-1.2569184,-1.3727935
2.5,5,4.5,3.5,4.5,-0.851734893,-0.930388172,0.450623966,1,3,0.9394852,-0.226008724,-0.049803316,-0.2283374,0.52579084
1,3.333333333,3.5,3.5,3.5,0.55181052,0.093516134,-0.023751424,4,4,-0.641125484,0.595830334,-0.181099441,1.24207856,0.46102183
2,4.666666667,4.5,3,4.5,-0.851734893,0.093516134,0.450623966,4,4,-0.363982392,0.470062632,-0.012831198,-0.5726854,0.36315618
3,3,3.5,2.5,3.5,0.99044764,0.093516134,0.924999357,5,4,-0.89515955,1.194557837,-1.057901574,-0.3742442,0.42241512
1.5,4,3.5,3.5,5,2.363455532,1.11742044,0.450623966,2,2,0.182148455,-0.323434789,-1.123713285,0.28615849,-0.0632458
3.5,4.666666667,4.5,1.5,4.5,-0.631682916,0.093516134,-0.481288477,3,4,0.044763626,0.109508034,0.973789115,-0.5259992,0.43690243
3,4.333333333,5,1.5,4.5,-0.631682916,1.11742044,-0.464450139,2,4,0.153257526,-0.33349349,0.090675914,-1.1864019,0.92256339
2,3,4.5,2,2,-0.039936198,0.631815637,0.450623966,2,4,-0.363982392,0.250254875,0.009697327,0.38537908,-0.0336164
1.5,4.666666667,4,1,3,-0.039936198,-1.415992975,-0.023751424,2,3,-0.764573073,0.488263355,-0.200755929,-1.0850369,0.03115263
2,3.333333333,3,4,4,0.958443285,-0.930388172,-0.955663868,2,4,-0.0868393,-0.351776425,0.118464927,0.40979438,-0.4572634
1.5,4,4,4.5,5,1.146490906,0.631815637,0.450623966,2,4,1.208472955,0.091225099,1.001578128,-1.062766,0.52854587
3,4,3,2,3.5,-0.851734893,-0.930388172,0.450623966,2,3,0.399136256,-0.553465673,-0.207066997,-0.3720998,-0.4986251
3.5,4.333333333,4.5,3.5,4,-0.445102129,0.093516134,1.38253641,1,3,-0.472476292,-0.437921098,0.518782524,-0.4511939,0.89017889
2,2,3,5,5,-0.22798382,0.093516134,-0.498126815,1,1,-0.509522558,-0.384956286,1.102213203,-0.9147149,-0.2891186
4,3,4.5,5,1,-0.851734893,0.093516134,-2.345113364,2,4,-1.07876243,0.091307312,1.161713846,1.14285797,0.43139236